0.01,0.08,0.0,0.01,0.08,0.0,0.01,0.08,0.08,2.9740801356742526,3.5626503532669234,0.9999868345289851
0.01,0.08,0.0,0.01,0.08,0.0,0.02,0.08,0.08,3.8112215539432066,21.58938500417572,0.9999654238372176
0.01,0.08,0.0,0.01,0.08,0.0,0.05,0.08,0.08,4.036015344479342,16.369842961492918,0.9998285579751479
0.01,0.08,0.0,0.01,0.08,0.0,0.1,0.08,0.08,0.5822351154301165,26.396373177591528,0.939176539547933
0.01,0.08,0.0,0.01,0.08,0.0,0.2,0.08,0.08,5.2087768050555265,21.11117070953844,0.9999893889435495
0.01,0.08,0.0,0.01,0.08,0.0,0.5,0.08,0.08,0.499112215201062,18.617084281303303,0.9999667513055961
0.01,0.08,0.0,0.01,0.08,0.0,1,0.08,0.08,1.1950013368276455,30.527472829516178,0.9735963125389201
0.01,0.08,0.0,0.01,0.08,0.0,2,0.08,0.08,0.6113762511272742,39.93447633427693,0.9821173609713792
0.01,0.08,0.0,0.01,0.08,0.0,5,0.08,0.08,0.845810311289232,15.971101882790697,0.99688127841785
0.01,0.08,0.0,0.01,0.08,0.0,10,0.08,0.08,1.6357496813965475,199.78538687695766,0.7962349135805953
0.01,0.08,0.0,0.02,0.08,0.0,0.01,0.08,0.08,12.413871091745852,69.65595564079042,0.9707170111727149
0.01,0.08,0.0,0.02,0.08,0.0,0.02,0.08,0.08,3.8796742984832933,15.25222250554855,0.9999191440303169
0.01,0.08,0.0,0.02,0.08,0.0,0.05,0.08,0.08,7.757489673325468,29.260664841798324,0.9993732819297851
0.01,0.08,0.0,0.02,0.08,0.0,0.1,0.08,0.08,8.849538397536543,34.113623406964834,0.9999965085208307
0.01,0.08,0.0,0.02,0.08,0.0,0.2,0.08,0.08,4.437265007790842,18.325093465621734,0.964812866091465
0.01,0.08,0.0,0.02,0.08,0.0,0.5,0.08,0.08,2.5693493124056843,4.234813969026435,0.9824262193994854
0.01,0.08,0.0,0.02,0.08,0.0,1,0.08,0.08,5.215773171337803,27.871642467232277,0.9999119675798023
0.01,0.08,0.0,0.02,0.08,0.0,2,0.08,0.08,0.3918910976151367,13.005557088938929,0.9592299787167914
0.01,0.08,0.0,0.02,0.08,0.0,5,0.08,0.08,6.848854014376706,236.04468171423096,0.9903095636499464
0.01,0.08,0.0,0.02,0.08,0.0,10,0.08,0.08,0.3779655528158746,21.103839805832514,0.8841964801494163
0.01,0.08,0.0,0.05,0.08,0.0,0.01,0.08,0.08,3.8303185006394163,16.317006618078175,0.9999543682369054
0.01,0.08,0.0,0.05,0.08,0.0,0.02,0.08,0.08,2.7277354324831737,21.32184533927397,0.9995013989188029
0.01,0.08,0.0,0.05,0.08,0.0,0.05,0.08,0.08,0.735542904109082,3.54641829660016,0.9997479039768408
0.01,0.08,0.0,0.05,0.08,0.0,0.1,0.08,0.08,0.5569958071416179,16.19078768333637,0.9758389733017608
0.01,0.08,0.0,0.05,0.08,0.0,0.2,0.08,0.08,3.0361220976211962,3.8876313803704576,0.9987950120869381
0.01,0.08,0.0,0.05,0.08,0.0,0.5,0.08,0.08,4.106010974766383,16.735800834936928,0.9999950635011944
0.01,0.08,0.0,0.05,0.08,0.0,1,0.08,0.08,5.404087561024235,32.48409592753895,0.9999965602378155
0.01,0.08,0.0,0.05,0.08,0.0,2,0.08,0.08,1.7080504821783424,15.531808980014421,0.9939429674569652
0.01,0.08,0.0,0.05,0.08,0.0,5,0.08,0.08,0.42750963421731525,46.449773862321635,0.9991710331496962
0.01,0.08,0.0,0.05,0.08,0.0,10,0.08,0.08,5.577980533033885,639.3803329741359,0.22218253025899792
0.01,0.08,0.0,0.1,0.08,0.0,0.01,0.08,0.08,8.240120974888496,43.04250221923323,0.45211030344057823
0.01,0.08,0.0,0.1,0.08,0.0,0.02,0.08,0.08,1.1322098206693614,12.801327625377564,0.9370090410626023
0.01,0.08,0.0,0.1,0.08,0.0,0.05,0.08,0.08,3.071547525243033,29.142202927474244,0.9998605765361396
0.01,0.08,0.0,0.1,0.08,0.0,0.1,0.08,0.08,6.399553445145644,18.533937087440734,0.9999989021576337
0.01,0.08,0.0,0.1,0.08,0.0,0.2,0.08,0.08,0.4630044697760282,25.66020868474007,0.9809438317399038
0.01,0.08,0.0,0.1,0.08,0.0,0.5,0.08,0.08,1.7887420980496571,19.953926516286693,0.9975022991172592
0.01,0.08,0.0,0.1,0.08,0.0,1,0.08,0.08,2.69557216739801,20.062463071832692,0.9998044934669349
0.01,0.08,0.0,0.1,0.08,0.0,2,0.08,0.08,0.6061046692204788,18.883624897337036,0.9979849030411284
0.01,0.08,0.0,0.1,0.08,0.0,5,0.08,0.08,1.7786466498217395,21.581046296219075,0.99831855781475
0.01,0.08,0.0,0.1,0.08,0.0,10,0.08,0.08,3.4491262391713233,529.7927809389796,0.4631490258417065
0.01,0.08,0.0,0.2,0.08,0.0,0.01,0.08,0.08,5.493879822231263,35.779653719035196,0.26940127959528337
0.01,0.08,0.0,0.2,0.08,0.0,0.02,0.08,0.08,2.3469337998980433,10.096393594298895,0.9983718553565579
0.01,0.08,0.0,0.2,0.08,0.0,0.05,0.08,0.08,1.3281080915951635,14.368553679257626,0.9985368420999086
0.01,0.08,0.0,0.2,0.08,0.0,0.1,0.08,0.08,4.4611790763470625,9.067098766995022,0.9999842550675461
0.01,0.08,0.0,0.2,0.08,0.0,0.2,0.08,0.08,0.7640794221023556,10.95244139805274,0.9997734751433667
0.01,0.08,0.0,0.2,0.08,0.0,0.5,0.08,0.08,5.740219377984691,60.63890791327738,0.9999668040511173
0.01,0.08,0.0,0.2,0.08,0.0,1,0.08,0.08,5.507962533968151,34.227096270256894,0.9956274796868434
0.01,0.08,0.0,0.2,0.08,0.0,2,0.08,0.08,4.718160869761993,46.853568875541725,0.9993536518209152
0.01,0.08,0.0,0.2,0.08,0.0,5,0.08,0.08,0.4846874008156311,45.058397544471646,0.8462267657790795
0.01,0.08,0.0,0.2,0.08,0.0,10,0.08,0.08,9.229736109623959,1091.9401782550303,0.24593834261556105
0.01,0.08,0.0,0.5,0.08,0.0,0.01,0.08,0.08,7.861522317651539,62.07507450298224,0.5592168739530899
0.01,0.08,0.0,0.5,0.08,0.0,0.02,0.08,0.08,0.3276242496011235,6.130740608437827,0.4413178096653524
0.01,0.08,0.0,0.5,0.08,0.0,0.05,0.08,0.08,6.143008890681368,32.591285799875905,0.9975405613229757
0.01,0.08,0.0,0.5,0.08,0.0,0.1,0.08,0.08,7.246034161172389,19.56055051900922,0.9999974774806042
0.01,0.08,0.0,0.5,0.08,0.0,0.2,0.08,0.08,3.389327801420533,20.128136172316083,0.9999726649988349
0.01,0.08,0.0,0.5,0.08,0.0,0.5,0.08,0.08,8.324893200005128,19.09571638535948,0.9999849134622789
0.01,0.08,0.0,0.5,0.08,0.0,1,0.08,0.08,2.5241503607918614,40.709468413413006,0.9997908728958492
0.01,0.08,0.0,0.5,0.08,0.0,2,0.08,0.08,0.9455318386117079,11.114407520338222,0.9987535750335594
0.01,0.08,0.0,0.5,0.08,0.0,5,0.08,0.08,0.6269090109797196,31.415170850401353,0.9149768685622879
0.01,0.08,0.0,0.5,0.08,0.0,10,0.08,0.08,1.2170547661328648,644.7432414903819,0.36348327843020106
0.01,0.08,0.0,1,0.08,0.0,0.01,0.08,0.08,0.7851474767766673,15.289519011964554,0.9791628981587528
0.01,0.08,0.0,1,0.08,0.0,0.02,0.08,0.08,4.614648822012149,38.715310963608644,0.9530224051668073
0.01,0.08,0.0,1,0.08,0.0,0.05,0.08,0.08,8.943878058970247,45.078121625291494,0.7288779436689826
0.01,0.08,0.0,1,0.08,0.0,0.1,0.08,0.08,5.588694315857464,36.75478840553336,0.9975990384717337
0.01,0.08,0.0,1,0.08,0.0,0.2,0.08,0.08,0.43251148471496137,6.302450592163748,0.9496472226345943
0.01,0.08,0.0,1,0.08,0.0,0.5,0.08,0.08,2.5221833399136733,19.58258524834959,0.979678166447413
0.01,0.08,0.0,1,0.08,0.0,1,0.08,0.08,0.9849586809867132,9.705022518362595,0.9985415208201164
0.01,0.08,0.0,1,0.08,0.0,2,0.08,0.08,4.410096000232208,58.33246959740251,0.9906921802452503
0.01,0.08,0.0,1,0.08,0.0,5,0.08,0.08,2.278479606982848,167.083889654794,0.6471024791907354
0.01,0.08,0.0,1,0.08,0.0,10,0.08,0.08,12.458086138864267,993.1549318111254,0.06620505489391304
0.01,0.08,0.0,2,0.08,0.0,0.01,0.08,0.08,3.005549992494332,11.644160681963374,0.9985262917647659
0.01,0.08,0.0,2,0.08,0.0,0.02,0.08,0.08,2.8546845619879453,11.235222931150497,0.9998350213332339
0.01,0.08,0.0,2,0.08,0.0,0.05,0.08,0.08,3.2506526045850195,9.573896426278452,0.9998253076809891
0.01,0.08,0.0,2,0.08,0.0,0.1,0.08,0.08,2.6913145913734597,54.31855798097354,0.9951127146098513
0.01,0.08,0.0,2,0.08,0.0,0.2,0.08,0.08,2.1439518785365124,29.42025895700119,0.9985597198812637
0.01,0.08,0.0,2,0.08,0.0,0.5,0.08,0.08,2.6976877625977767,53.67057305958931,0.9973721355699429
0.01,0.08,0.0,2,0.08,0.0,1,0.08,0.08,1.0718768949770223,22.19971934852149,0.9999604886752248
0.01,0.08,0.0,2,0.08,0.0,2,0.08,0.08,1.4455019404564768,18.65037554165959,0.9995160891655691
0.01,0.08,0.0,2,0.08,0.0,5,0.08,0.08,4.057641173992435,78.97626070212817,0.9589177045984121
0.01,0.08,0.0,2,0.08,0.0,10,0.08,0.08,1.9200010204623803,352.1056531245157,0.3224005086485096
0.01,0.08,0.0,5,0.08,0.0,0.01,0.08,0.08,1.9684730374454136,50.528770823416956,0.7428898255740608
0.01,0.08,0.0,5,0.08,0.0,0.02,0.08,0.08,3.080725009276817,12.711907179447946,0.9981312417976584
0.01,0.08,0.0,5,0.08,0.0,0.05,0.08,0.08,2.8158550156595203,11.919118954040076,0.9998372436175382
0.01,0.08,0.0,5,0.08,0.0,0.1,0.08,0.08,2.8538544560912453,10.580019573189466,0.9998348493736352
0.01,0.08,0.0,5,0.08,0.0,0.2,0.08,0.08,3.3646263344375447,37.81422947592183,0.9964124608441018
0.01,0.08,0.0,5,0.08,0.0,0.5,0.08,0.08,3.9533726123990345,49.679171008223854,0.9986101636429355
0.01,0.08,0.0,5,0.08,0.0,1,0.08,0.08,0.5278967267933421,23.44287774286385,0.9966246619679375
0.01,0.08,0.0,5,0.08,0.0,2,0.08,0.08,3.6778710492819555,16.592146794722886,0.9994911575483847
0.01,0.08,0.0,5,0.08,0.0,5,0.08,0.08,1.6525988820792468,27.830701497797655,0.9674530007314547
0.01,0.08,0.0,5,0.08,0.0,10,0.08,0.08,1.1284767229778077,49.92391986625477,0.9965915531608027
0.01,0.08,0.0,10,0.08,0.0,0.01,0.08,0.08,2.21480813590869,13.121112771090992,0.9934713272453927
0.01,0.08,0.0,10,0.08,0.0,0.02,0.08,0.08,4.633517169665992,13.782843220583223,0.9858366396675209
0.01,0.08,0.0,10,0.08,0.0,0.05,0.08,0.08,6.396064276626668,19.70919570245506,0.9999895502291687
0.01,0.08,0.0,10,0.08,0.0,0.1,0.08,0.08,0.4328332735749631,16.317522293587427,0.9995326758093124
0.01,0.08,0.0,10,0.08,0.0,0.2,0.08,0.08,3.2566864368637565,17.76732363834909,0.9999995286029921
0.01,0.08,0.0,10,0.08,0.0,0.5,0.08,0.08,2.607674223336314,12.85625990178842,0.9905637191906361
0.01,0.08,0.0,10,0.08,0.0,1,0.08,0.08,2.1076760623640576,13.26384132741546,0.9999884922488338
0.01,0.08,0.0,10,0.08,0.0,2,0.08,0.08,2.645757188765903,14.125946322512295,0.9997540989420514
0.01,0.08,0.0,10,0.08,0.0,5,0.08,0.08,0.46693620175874956,11.167661307479682,0.9985297028855442
0.01,0.08,0.0,10,0.08,0.0,10,0.08,0.08,5.359285281491685,968.6170154946127,0.2105926980184701
0.02,0.08,0.0,0.01,0.08,0.0,0.01,0.08,0.08,6.382001606467994,194.53640747630453,0.640652790208605
0.02,0.08,0.0,0.01,0.08,0.0,0.02,0.08,0.08,1.3751117434784306,28.99124511717853,0.7312709772882998
0.02,0.08,0.0,0.01,0.08,0.0,0.05,0.08,0.08,8.426355473670576,55.12813264455722,0.7258847874327787
0.02,0.08,0.0,0.01,0.08,0.0,0.1,0.08,0.08,3.474673343174611,35.55063358650048,0.9679864531092917
0.02,0.08,0.0,0.01,0.08,0.0,0.2,0.08,0.08,5.1903986759764305,15.669831339157785,0.9999918919948102
0.02,0.08,0.0,0.01,0.08,0.0,0.5,0.08,0.08,6.101438469256494,14.590531579287077,0.9999985585991057
0.02,0.08,0.0,0.01,0.08,0.0,1,0.08,0.08,2.7293890206728793,4.664189728507774,0.9971022820734763
0.02,0.08,0.0,0.01,0.08,0.0,2,0.08,0.08,1.3155003946495953,14.382951984688072,0.9994164025437056
0.02,0.08,0.0,0.01,0.08,0.0,5,0.08,0.08,0.30524443470872425,11.430920074692718,0.955338446380439
0.02,0.08,0.0,0.01,0.08,0.0,10,0.08,0.08,1.1125455522534453,28.018559750559557,0.9996489638084034
0.02,0.08,0.0,0.02,0.08,0.0,0.01,0.08,0.08,3.4576154444859712,9.096510512430136,0.9999964734863996
0.02,0.08,0.0,0.02,0.08,0.0,0.02,0.08,0.08,2.5830428595318584,19.684366858125692,0.9958200464805892
0.02,0.08,0.0,0.02,0.08,0.0,0.05,0.08,0.08,2.7940921882671637,3.478816690241113,0.9997853760204344
0.02,0.08,0.0,0.02,0.08,0.0,0.1,0.08,0.08,7.944064300162405,17.650853285911747,0.9999995231615861
0.02,0.08,0.0,0.02,0.08,0.0,0.2,0.08,0.08,9.580425485954247,55.732639313272465,0.9995143672681698
0.02,0.08,0.0,0.02,0.08,0.0,0.5,0.08,0.08,3.8836599961493743,15.568173103770102,0.9999424058007859
0.02,0.08,0.0,0.02,0.08,0.0,1,0.08,0.08,0.43598222289195276,16.7370535130686,0.9607270967238495
0.02,0.08,0.0,0.02,0.08,0.0,2,0.08,0.08,3.754580263536794,159.49651613819964,0.9967152314359253
0.02,0.08,0.0,0.02,0.08,0.0,5,0.08,0.08,1.4500647476837645,7.043844632192014,0.8850169117825857
0.02,0.08,0.0,0.02,0.08,0.0,10,0.08,0.08,2.194771492515318,985.5897295118646,0.3528183630281886
0.02,0.08,0.0,0.05,0.08,0.0,0.01,0.08,0.08,2.928265520808251,18.620413452442154,0.898359762835808
0.02,0.08,0.0,0.05,0.08,0.0,0.02,0.08,0.08,5.50729836080586,23.88287534115463,0.9526555358740874
0.02,0.08,0.0,0.05,0.08,0.0,0.05,0.08,0.08,0.48741368592346823,11.929216048135036,0.971229225589479
0.02,0.08,0.0,0.05,0.08,0.0,0.1,0.08,0.08,2.4563860152214207,3.4700611773653494,0.9996379490143216
0.02,0.08,0.0,0.05,0.08,0.0,0.2,0.08,0.08,3.8769052940104416,18.882458224614673,0.9999962628151287
0.02,0.08,0.0,0.05,0.08,0.0,0.5,0.08,0.08,7.846527330533521,28.076598106581816,0.9999943724762236
0.02,0.08,0.0,0.05,0.08,0.0,1,0.08,0.08,0.49669325333112746,12.18536916924852,0.9643696203420329
0.02,0.08,0.0,0.05,0.08,0.0,2,0.08,0.08,2.392727436121095,20.418813095446296,0.9998941138334166
0.02,0.08,0.0,0.05,0.08,0.0,5,0.08,0.08,0.8366282159431695,97.63276901910322,0.10982430469598486
0.02,0.08,0.0,0.05,0.08,0.0,10,0.08,0.08,5.6522577958077,959.3603446366869,0.29549991785634483
0.02,0.08,0.0,0.1,0.08,0.0,0.01,0.08,0.08,0.3029352189352767,16.580051949630263,0.9361185117026715
0.02,0.08,0.0,0.1,0.08,0.0,0.02,0.08,0.08,7.146291002389409,27.645301189020962,0.9998366059735923
0.02,0.08,0.0,0.1,0.08,0.0,0.05,0.08,0.08,7.4253097320785955,18.677251024404264,0.9999979129139139
0.02,0.08,0.0,0.1,0.08,0.0,0.1,0.08,0.08,0.1986089123350825,23.69050964001945,0.9867415497491885
0.02,0.08,0.0,0.1,0.08,0.0,0.2,0.08,0.08,1.3887782088402092,5.817732561468648,0.9814917860144953
0.02,0.08,0.0,0.1,0.08,0.0,0.5,0.08,0.08,4.158199195315676,20.438563673804726,0.9997590081586262
0.02,0.08,0.0,0.1,0.08,0.0,1,0.08,0.08,1.3200288224753296,16.791740916053605,0.9984852087055048
0.02,0.08,0.0,0.1,0.08,0.0,2,0.08,0.08,2.489784463550318,18.655347705715293,0.9998316046386648
0.02,0.08,0.0,0.1,0.08,0.0,5,0.08,0.08,0.5257430924597842,23.175926991079855,0.9985732422501773
0.02,0.08,0.0,0.1,0.08,0.0,10,0.08,0.08,3.2047438410151226,18.664933335517567,0.9974965718513805
0.02,0.08,0.0,0.2,0.08,0.0,0.01,0.08,0.08,0.5857845941463767,14.15753433202784,0.9929759441963509
0.02,0.08,0.0,0.2,0.08,0.0,0.02,0.08,0.08,2.13276620398762,15.043335150188444,0.998357557932342
0.02,0.08,0.0,0.2,0.08,0.0,0.05,0.08,0.08,2.8646530325734836,9.825999138092891,0.9999800280555445
0.02,0.08,0.0,0.2,0.08,0.0,0.1,0.08,0.08,1.0594047654908199,10.165252690010021,0.9997118029940503
0.02,0.08,0.0,0.2,0.08,0.0,0.2,0.08,0.08,6.388767587142618,40.77207533589609,0.9999572481036396
0.02,0.08,0.0,0.2,0.08,0.0,0.5,0.08,0.08,6.235860855383396,31.63809306733912,0.9998986514349246
0.02,0.08,0.0,0.2,0.08,0.0,1,0.08,0.08,6.130455643146787,23.837868176712597,0.9993569739145562
0.02,0.08,0.0,0.2,0.08,0.0,2,0.08,0.08,0.6686401962767597,160.5397181584881,0.6123300051605419
0.02,0.08,0.0,0.2,0.08,0.0,5,0.08,0.08,1.662544930454659,273.14026659950434,0.4095305079920846
0.02,0.08,0.0,0.2,0.08,0.0,10,0.08,0.08,3.8681820076760096,469.2934843799304,0.4047336260230383
0.02,0.08,0.0,0.5,0.08,0.0,0.01,0.08,0.08,0.9249961823944226,18.947398060260543,0.6726237929623528
0.02,0.08,0.0,0.5,0.08,0.0,0.02,0.08,0.08,5.4067079979176444,30.803607489334144,0.997184319059754
0.02,0.08,0.0,0.5,0.08,0.0,0.05,0.08,0.08,8.32135494029963,19.88043929695514,0.9999989734307142
0.02,0.08,0.0,0.5,0.08,0.0,0.1,0.08,0.08,4.753258435089206,19.657506933694975,0.9999737692352414
0.02,0.08,0.0,0.5,0.08,0.0,0.2,0.08,0.08,5.684356160729404,20.05344928994529,0.9999745245057129
0.02,0.08,0.0,0.5,0.08,0.0,0.5,0.08,0.08,0.4402283857301635,33.802823078986485,0.9996771224287745
0.02,0.08,0.0,0.5,0.08,0.0,1,0.08,0.08,0.12265905357087059,13.809468653577653,0.9994214718010476
0.02,0.08,0.0,0.5,0.08,0.0,2,0.08,0.08,1.33454599357102,7.6011662976262215,0.9987415140294127
0.02,0.08,0.0,0.5,0.08,0.0,5,0.08,0.08,0.45905419331906366,112.0707571423824,0.5326151870273178
0.02,0.08,0.0,0.5,0.08,0.0,10,0.08,0.08,3.9901984411710814,843.20474931427,0.4415480480808409
0.02,0.08,0.0,1,0.08,0.0,0.01,0.08,0.08,17.176821608190387,82.84587575538333,0.394253845767192
0.02,0.08,0.0,1,0.08,0.0,0.02,0.08,0.08,1.3613073297261507,108.75028974711844,0.3264557648399808
0.02,0.08,0.0,1,0.08,0.0,0.05,0.08,0.08,4.593706731874097,47.811443782679966,0.9521053195002938
0.02,0.08,0.0,1,0.08,0.0,0.1,0.08,0.08,0.7595252933847395,8.057596720096956,0.9431819168733442
0.02,0.08,0.0,1,0.08,0.0,0.2,0.08,0.08,1.880908679373418,14.665282521417339,0.9406087466376706
0.02,0.08,0.0,1,0.08,0.0,0.5,0.08,0.08,1.9093631252174148,11.287543247751506,0.9986522775530801
0.02,0.08,0.0,1,0.08,0.0,1,0.08,0.08,3.186346531879527,35.12341005993187,0.9979799161168007
0.02,0.08,0.0,1,0.08,0.0,2,0.08,0.08,0.9954969729810377,78.62089321391514,0.9312279217727093
0.02,0.08,0.0,1,0.08,0.0,5,0.08,0.08,1.553919897789273,186.60031849502187,0.3620297692166773
0.02,0.08,0.0,1,0.08,0.0,10,0.08,0.08,4.209308824371674,937.1851930770723,0.09136270371642681
0.02,0.08,0.0,2,0.08,0.0,0.01,0.08,0.08,3.4856281126332442,15.120154788223335,0.9956926662538693
0.02,0.08,0.0,2,0.08,0.0,0.02,0.08,0.08,2.487571308757978,12.965999598716792,0.9949718130401788
0.02,0.08,0.0,2,0.08,0.0,0.05,0.08,0.08,8.37671023129459,33.86434790797935,0.8044033348055143
0.02,0.08,0.0,2,0.08,0.0,0.1,0.08,0.08,2.7725187692503477,41.489339395062,0.9984724669658818
0.02,0.08,0.0,2,0.08,0.0,0.2,0.08,0.08,1.0987617344257399,32.35071630125667,0.9976618266781545
0.02,0.08,0.0,2,0.08,0.0,0.5,0.08,0.08,1.734241703518447,24.26550246832016,0.9999259834957389
0.02,0.08,0.0,2,0.08,0.0,1,0.08,0.08,1.2379558004776148,12.558892423277955,0.998500876314384
0.02,0.08,0.0,2,0.08,0.0,2,0.08,0.08,4.053354429331439,48.97495631316467,0.9975888572703957
0.02,0.08,0.0,2,0.08,0.0,5,0.08,0.08,3.411765857097313,546.9592484486253,0.6880282049287704
0.02,0.08,0.0,2,0.08,0.0,10,0.08,0.08,12.251299704182252,839.2815255735338,0.08778047867837496
0.02,0.08,0.0,5,0.08,0.0,0.01,0.08,0.08,3.3838458222329515,9.317468772647121,0.997583978594705
0.02,0.08,0.0,5,0.08,0.0,0.02,0.08,0.08,2.2856374658700953,11.098327489349863,0.999826628869746
0.02,0.08,0.0,5,0.08,0.0,0.05,0.08,0.08,1.565414005128895,8.560112611825998,0.9977193774467236
0.02,0.08,0.0,5,0.08,0.0,0.1,0.08,0.08,3.6297997439328893,51.23723094269874,0.996501846686714
0.02,0.08,0.0,5,0.08,0.0,0.2,0.08,0.08,3.577705806311206,41.984982587415224,0.9985651605413879
0.02,0.08,0.0,5,0.08,0.0,0.5,0.08,0.08,2.0537262676447363,35.63536628069364,0.9985362031132426
0.02,0.08,0.0,5,0.08,0.0,1,0.08,0.08,5.080339433486763,20.548994484907332,0.9990416916485155
0.02,0.08,0.0,5,0.08,0.0,2,0.08,0.08,1.178898012864588,19.047555516380882,0.9967881701032607
0.02,0.08,0.0,5,0.08,0.0,5,0.08,0.08,4.061565896105545,45.98724637442792,0.9683911587245018
0.02,0.08,0.0,5,0.08,0.0,10,0.08,0.08,4.764716398265819,584.2441462115489,0.08935161234744711
0.02,0.08,0.0,10,0.08,0.0,0.01,0.08,0.08,2.621042533767742,21.072136091015423,0.8587309192492087
0.02,0.08,0.0,10,0.08,0.0,0.02,0.08,0.08,7.158792059476857,20.727810011782143,0.9999883719221869
0.02,0.08,0.0,10,0.08,0.0,0.05,0.08,0.08,1.2327982852505883,16.14385894014321,0.9994883858374751
0.02,0.08,0.0,10,0.08,0.0,0.1,0.08,0.08,4.219868534395677,18.2204767645892,0.9999997816194195
0.02,0.08,0.0,10,0.08,0.0,0.2,0.08,0.08,2.41333395388807,12.816331031823996,0.9975021822058071
0.02,0.08,0.0,10,0.08,0.0,0.5,0.08,0.08,5.854217298699474,18.32438562321901,0.9999868128308763
0.02,0.08,0.0,10,0.08,0.0,1,0.08,0.08,3.102674350726922,17.521394347622625,0.999937937567987
0.02,0.08,0.0,10,0.08,0.0,2,0.08,0.08,0.6067622853290254,10.299545869196553,0.9999736442702183
0.02,0.08,0.0,10,0.08,0.0,5,0.08,0.08,0.34623783406305836,16.61603279552244,0.9903946968233628
0.02,0.08,0.0,10,0.08,0.0,10,0.08,0.08,0.6294398935609725,52.08677730534778,0.9854624877850405
0.05,0.08,0.0,0.01,0.08,0.0,0.01,0.08,0.08,2.970723543407199,11.375372076959247,0.9995990473061089
0.05,0.08,0.0,0.01,0.08,0.0,0.02,0.08,0.08,2.0269183583975416,29.400100914943586,0.9985972992396219
0.05,0.08,0.0,0.01,0.08,0.0,0.05,0.08,0.08,2.373147379362651,17.84758525631425,0.999161203922649
0.05,0.08,0.0,0.01,0.08,0.0,0.1,0.08,0.08,2.75156538622147,15.194238108910033,0.9999976940682566
0.05,0.08,0.0,0.01,0.08,0.0,0.2,0.08,0.08,6.2843515862253385,15.308097898219438,0.999996771123462
0.05,0.08,0.0,0.01,0.08,0.0,0.5,0.08,0.08,0.4451551703426036,15.220338445451347,0.8343549829325402
0.05,0.08,0.0,0.01,0.08,0.0,1,0.08,0.08,0.43221627264755785,12.373536255114404,0.9999520432622072
0.05,0.08,0.0,0.01,0.08,0.0,2,0.08,0.08,0.4840113991566747,14.661438702510685,0.6998727278156602
0.05,0.08,0.0,0.01,0.08,0.0,5,0.08,0.08,0.532212098351875,10.866710572640082,0.9981760724109097
0.05,0.08,0.0,0.01,0.08,0.0,10,0.08,0.08,0.1727850148904176,186.57628493822352,0.30960519904659345
0.05,0.08,0.0,0.02,0.08,0.0,0.01,0.08,0.08,2.8049092111775606,14.132303660366972,0.9509729904188386
0.05,0.08,0.0,0.02,0.08,0.0,0.02,0.08,0.08,2.5412446519400436,4.138422993336786,0.9995525353270753
0.05,0.08,0.0,0.02,0.08,0.0,0.05,0.08,0.08,7.95872179856391,17.895714909876098,0.9999999798226816
0.05,0.08,0.0,0.02,0.08,0.0,0.1,0.08,0.08,9.753067444721983,62.35750587939005,0.9995296000077825
0.05,0.08,0.0,0.02,0.08,0.0,0.2,0.08,0.08,3.7647550683152544,18.9697938450163,0.9998786961204628
0.05,0.08,0.0,0.02,0.08,0.0,0.5,0.08,0.08,0.5949389163458911,17.57456272885518,0.9937840604818791
0.05,0.08,0.0,0.02,0.08,0.0,1,0.08,0.08,4.946533884773714,60.05052701070222,0.9995331080949741
0.05,0.08,0.0,0.02,0.08,0.0,2,0.08,0.08,2.0198409098209664,3.5292454251001084,0.9895462488008028
0.05,0.08,0.0,0.02,0.08,0.0,5,0.08,0.08,0.2645232018346038,17.249542752087258,0.9999946475027776
0.05,0.08,0.0,0.02,0.08,0.0,10,0.08,0.08,1.0497052497504833,951.758409235275,0.45675783492283034
0.05,0.08,0.0,0.05,0.08,0.0,0.01,0.08,0.08,2.6090931224578506,21.732498517907317,0.9692206471204264
0.05,0.08,0.0,0.05,0.08,0.0,0.02,0.08,0.08,0.9311753553860477,13.786112953001487,0.9711930514534844
0.05,0.08,0.0,0.05,0.08,0.0,0.05,0.08,0.08,2.5843281861221348,3.400823502621205,0.9990905550217216
0.05,0.08,0.0,0.05,0.08,0.0,0.1,0.08,0.08,3.8893968870565754,20.30940055960138,0.9999970162476578
0.05,0.08,0.0,0.05,0.08,0.0,0.2,0.08,0.08,7.456013873151628,28.152484058904246,0.999978522763243
0.05,0.08,0.0,0.05,0.08,0.0,0.5,0.08,0.08,2.3479103643530244,12.361768491003621,0.985992077536163
0.05,0.08,0.0,0.05,0.08,0.0,1,0.08,0.08,3.5676191126954855,22.588174848537996,0.999950793526554
0.05,0.08,0.0,0.05,0.08,0.0,2,0.08,0.08,0.10398766784626602,8.206550238836664,0.9992726485577343
0.05,0.08,0.0,0.05,0.08,0.0,5,0.08,0.08,0.7743325997588895,37.62047243628998,0.9044128425855507
0.05,0.08,0.0,0.05,0.08,0.0,10,0.08,0.08,5.3359236088802735,651.3785532761294,0.42410061906790225
0.05,0.08,0.0,0.1,0.08,0.0,0.01,0.08,0.08,10.44194534012515,151.239384014328,0.6947355188822707
0.05,0.08,0.0,0.1,0.08,0.0,0.02,0.08,0.08,6.6053198399900035,18.865792728819848,0.9999972124305158
0.05,0.08,0.0,0.1,0.08,0.0,0.05,0.08,0.08,1.4702263428116171,26.591460756192767,0.9859305762933102
0.05,0.08,0.0,0.1,0.08,0.0,0.1,0.08,0.08,1.1798498315805108,8.118816879446491,0.9651886141148983
0.05,0.08,0.0,0.1,0.08,0.0,0.2,0.08,0.08,3.7522037957752863,20.16409723716065,0.9995004748588521
0.05,0.08,0.0,0.1,0.08,0.0,0.5,0.08,0.08,0.21764088674225696,17.28796311425355,0.9998048723033385
0.05,0.08,0.0,0.1,0.08,0.0,1,0.08,0.08,2.2628504733574113,19.089617574501304,0.9998868833313571
0.05,0.08,0.0,0.1,0.08,0.0,2,0.08,0.08,0.5034044216773936,16.537024995736935,0.9834278557163028
0.05,0.08,0.0,0.1,0.08,0.0,5,0.08,0.08,5.9539458058157315,176.74682368593236,0.44098442035889795
0.05,0.08,0.0,0.1,0.08,0.0,10,0.08,0.08,5.455179417269927,926.5334497314522,0.4544910617422553
0.05,0.08,0.0,0.2,0.08,0.0,0.01,0.08,0.08,1.056303466045311,13.604190784481252,0.9981548558707278
0.05,0.08,0.0,0.2,0.08,0.0,0.02,0.08,0.08,2.8898884292765987,8.019195161425328,0.9999748345220646
0.05,0.08,0.0,0.2,0.08,0.0,0.05,0.08,0.08,1.91979576242393,12.815295389810055,0.99965845070728
0.05,0.08,0.0,0.2,0.08,0.0,0.1,0.08,0.08,6.174215810113585,35.99513157418355,0.9998057887171408
0.05,0.08,0.0,0.2,0.08,0.0,0.2,0.08,0.08,2.4037802890492723,28.972844978006457,0.9997220532487582
0.05,0.08,0.0,0.2,0.08,0.0,0.5,0.08,0.08,10.559881855329916,30.238410405591218,0.9995070199628585
0.05,0.08,0.0,0.2,0.08,0.0,1,0.08,0.08,0.5256935569606624,129.71634565522632,0.9106166479997289
0.05,0.08,0.0,0.2,0.08,0.0,2,0.08,0.08,0.6660636365516575,22.62375523260031,0.86592406237314
0.05,0.08,0.0,0.2,0.08,0.0,5,0.08,0.08,0.5671802132669598,22.926923423478236,0.97382534962888
0.05,0.08,0.0,0.2,0.08,0.0,10,0.08,0.08,0.45390457320632177,1036.9220376276598,0.37093776143269347
0.05,0.08,0.0,0.5,0.08,0.0,0.01,0.08,0.08,13.192679996110197,48.998656193758436,0.965878827686409
0.05,0.08,0.0,0.5,0.08,0.0,0.02,0.08,0.08,7.060758411811242,19.231357837099164,0.999998043342783
0.05,0.08,0.0,0.5,0.08,0.0,0.05,0.08,0.08,3.2146090451140474,18.27821589415749,0.9999656281400391
0.05,0.08,0.0,0.5,0.08,0.0,0.1,0.08,0.08,6.632948484647759,20.009796079768915,0.9999819372315181
0.05,0.08,0.0,0.5,0.08,0.0,0.2,0.08,0.08,3.6247026361410573,29.36359454444393,0.9987425757482801
0.05,0.08,0.0,0.5,0.08,0.0,0.5,0.08,0.08,1.2826765429106783,13.676618783921683,0.9990273790150578
0.05,0.08,0.0,0.5,0.08,0.0,1,0.08,0.08,1.606992992651037,19.31544197516394,0.98155312672269
0.05,0.08,0.0,0.5,0.08,0.0,2,0.08,0.08,0.30428910032854106,8.647170946176512,0.8480163982484796
0.05,0.08,0.0,0.5,0.08,0.0,5,0.08,0.08,4.836173561635855,246.23656845430946,0.503835986082921
0.05,0.08,0.0,0.5,0.08,0.0,10,0.08,0.08,11.013751303228958,758.3252010045046,0.18962158395119688
0.05,0.08,0.0,1,0.08,0.0,0.01,0.08,0.08,6.161125756841223,74.81908138302059,0.7474072450634763
0.05,0.08,0.0,1,0.08,0.0,0.02,0.08,0.08,4.25865456522842,44.779858846888644,0.9684670282991477
0.05,0.08,0.0,1,0.08,0.0,0.05,0.08,0.08,1.5589329001696377,7.249153334667673,0.9370756511336217
0.05,0.08,0.0,1,0.08,0.0,0.1,0.08,0.08,2.159993079478911,14.34569688855774,0.9378715368680067
0.05,0.08,0.0,1,0.08,0.0,0.2,0.08,0.08,2.6770119851128427,10.561736052542102,0.9992741698734138
0.05,0.08,0.0,1,0.08,0.0,0.5,0.08,0.08,3.7523893122246883,58.15140373758527,0.9996854878641036
0.05,0.08,0.0,1,0.08,0.0,1,0.08,0.08,2.8167183821018518,11.825992839799394,0.9997348892592962
0.05,0.08,0.0,1,0.08,0.0,2,0.08,0.08,0.9505225201887678,8.631245062346858,0.9543945722744088
0.05,0.08,0.0,1,0.08,0.0,5,0.08,0.08,0.7407114240335803,263.9767435499617,0.5018577350782623
0.05,0.08,0.0,1,0.08,0.0,10,0.08,0.08,4.563879166952009,1001.505519904946,0.2241061781212498
0.05,0.08,0.0,2,0.08,0.0,0.01,0.08,0.08,15.271761489012919,1598.9281101988538,0.5159812353377445
0.05,0.08,0.0,2,0.08,0.0,0.02,0.08,0.08,5.649068426899011,87.27658381877305,0.3541465911265118
0.05,0.08,0.0,2,0.08,0.0,0.05,0.08,0.08,3.1259885413650017,44.81654536072373,0.9882055941118605
0.05,0.08,0.0,2,0.08,0.0,0.1,0.08,0.08,1.790813947833281,28.366757515345956,0.9964666782041622
0.05,0.08,0.0,2,0.08,0.0,0.2,0.08,0.08,3.697182076183071,24.46630511694959,0.9998599720384408
0.05,0.08,0.0,2,0.08,0.0,0.5,0.08,0.08,1.5711581595355903,11.336716105099617,0.9989215424586949
0.05,0.08,0.0,2,0.08,0.0,1,0.08,0.08,7.500118642836759,58.61029956801635,0.9968117076366164
0.05,0.08,0.0,2,0.08,0.0,2,0.08,0.08,1.088335386028635,12.543557778211483,0.9970453036510109
0.05,0.08,0.0,2,0.08,0.0,5,0.08,0.08,0.4548150973707466,20.349001627838337,0.9641038323716884
0.05,0.08,0.0,2,0.08,0.0,10,0.08,0.08,7.4750086101329165,790.9465796730005,0.5290758276330475
0.05,0.08,0.0,5,0.08,0.0,0.01,0.08,0.08,3.62931873119971,20.39011260107715,0.9977978158947449
0.05,0.08,0.0,5,0.08,0.0,0.02,0.08,0.08,4.55903548966809,18.152168344238994,0.9967414542197455
0.05,0.08,0.0,5,0.08,0.0,0.05,0.08,0.08,7.806884301738528,31.659110715774244,0.842888477364194
0.05,0.08,0.0,5,0.08,0.0,0.1,0.08,0.08,4.818660627065889,39.045365425995485,0.9982978602419514
0.05,0.08,0.0,5,0.08,0.0,0.2,0.08,0.08,1.4347096818637506,30.342167859102222,0.9970380644466827
0.05,0.08,0.0,5,0.08,0.0,0.5,0.08,0.08,7.593576854586261,25.19975376511328,0.9999812830111128
0.05,0.08,0.0,5,0.08,0.0,1,0.08,0.08,0.45638944520700875,14.541648869018953,0.9995672132969973
0.05,0.08,0.0,5,0.08,0.0,2,0.08,0.08,2.8510355921308532,35.51505063531759,0.9990902170982918
0.05,0.08,0.0,5,0.08,0.0,5,0.08,0.08,0.5120168539963926,71.44226591875791,0.53679190133597
0.05,0.08,0.0,5,0.08,0.0,10,0.08,0.08,10.468849352504243,637.3938206427398,0.3064453204291063
0.05,0.08,0.0,10,0.08,0.0,0.01,0.08,0.08,6.243766994019187,20.10454889879704,0.9999776304472883
0.05,0.08,0.0,10,0.08,0.0,0.02,0.08,0.08,2.3975926816025233,17.242596877733725,0.9994055154833541
0.05,0.08,0.0,10,0.08,0.0,0.05,0.08,0.08,3.1755081928788336,17.066368320554037,0.999999940988691
0.05,0.08,0.0,10,0.08,0.0,0.1,0.08,0.08,2.3809191629380027,12.50037996356937,0.9998409170181037
0.05,0.08,0.0,10,0.08,0.0,0.2,0.08,0.08,6.940852882543699,19.688466574165346,0.9999829212550966
0.05,0.08,0.0,10,0.08,0.0,0.5,0.08,0.08,4.8525078879347605,17.92701718267855,0.9999789441913002
0.05,0.08,0.0,10,0.08,0.0,1,0.08,0.08,3.405197490077696,9.759509455966976,0.9999414874338692
0.05,0.08,0.0,10,0.08,0.0,2,0.08,0.08,0.8477516849175621,17.72569379625703,0.9986312248990733
0.05,0.08,0.0,10,0.08,0.0,5,0.08,0.08,0.7389326954529744,37.10213701550981,0.8497829400183691
0.05,0.08,0.0,10,0.08,0.0,10,0.08,0.08,13.751912226700725,832.3984467992507,0.29490922616249404
0.1,0.08,0.0,0.01,0.08,0.0,0.01,0.08,0.08,8.694556952293254,104.77160500194108,0.51579700967633
0.1,0.08,0.0,0.01,0.08,0.0,0.02,0.08,0.08,2.2262082282273656,31.36471891799362,0.9634986717364887
0.1,0.08,0.0,0.01,0.08,0.0,0.05,0.08,0.08,4.999246079422263,16.44803956947206,0.9999988931854705
0.1,0.08,0.0,0.01,0.08,0.0,0.1,0.08,0.08,6.090101172642911,15.930697340135731,0.9999925616647755
0.1,0.08,0.0,0.01,0.08,0.0,0.2,0.08,0.08,1.7498074230600875,13.03160371095083,0.9883602165552231
0.1,0.08,0.0,0.01,0.08,0.0,0.5,0.08,0.08,2.3322867536626495,12.122695776389568,0.9998117471130233
0.1,0.08,0.0,0.01,0.08,0.0,1,0.08,0.08,0.9533060905495324,20.29404502803755,0.8170821481472015
0.1,0.08,0.0,0.01,0.08,0.0,2,0.08,0.08,2.393612004323586,8.643510263680774,0.9997303994835155
0.1,0.08,0.0,0.01,0.08,0.0,5,0.08,0.08,1.140598895079307,14.215698429615594,0.8194583185199171
0.1,0.08,0.0,0.01,0.08,0.0,10,0.08,0.08,11.214364626467562,1037.7424859177622,0.2513293301598978
0.1,0.08,0.0,0.02,0.08,0.0,0.01,0.08,0.08,0.6355044988082882,14.254211160013563,0.7551847655343519
0.1,0.08,0.0,0.02,0.08,0.0,0.02,0.08,0.08,7.467584091561475,19.185808062957037,0.9999993517130177
0.1,0.08,0.0,0.02,0.08,0.0,0.05,0.08,0.08,10.077579233291184,62.914996738802714,0.9994841421685647
0.1,0.08,0.0,0.02,0.08,0.0,0.1,0.08,0.08,3.573861099352753,18.915562176189752,0.999829915790717
0.1,0.08,0.0,0.02,0.08,0.0,0.2,0.08,0.08,2.032854418279936,22.750462362128932,0.7734319807846138
0.1,0.08,0.0,0.02,0.08,0.0,0.5,0.08,0.08,1.091790411438871,45.890200135401315,0.8429835876881633
0.1,0.08,0.0,0.02,0.08,0.0,1,0.08,0.08,2.722977966384823,3.829460614303776,0.9870781654766061
0.1,0.08,0.0,0.02,0.08,0.0,2,0.08,0.08,0.4768922199907055,12.32718739080668,0.9981719904775807
0.1,0.08,0.0,0.02,0.08,0.0,5,0.08,0.08,1.5968097465408184,247.23047467872075,0.42934054331398136
0.1,0.08,0.0,0.02,0.08,0.0,10,0.08,0.08,8.345038343550518,1499.505919666208,0.35534781043823754
0.1,0.08,0.0,0.05,0.08,0.0,0.01,0.08,0.08,5.924274249381922,60.01089052505506,0.7090144178137266
0.1,0.08,0.0,0.05,0.08,0.0,0.02,0.08,0.08,0.7437409883434812,15.600444755056293,0.9985298324993003
0.1,0.08,0.0,0.05,0.08,0.0,0.05,0.08,0.08,4.595957843282583,26.974844985823314,0.9999955348680435
0.1,0.08,0.0,0.05,0.08,0.0,0.1,0.08,0.08,8.08664141068162,28.177411730449982,0.9999466297101135
0.1,0.08,0.0,0.05,0.08,0.0,0.2,0.08,0.08,2.450513404264693,12.156337382024695,0.9954390992527316
0.1,0.08,0.0,0.05,0.08,0.0,0.5,0.08,0.08,6.817967446018882,24.324843248614737,0.9999697550938844
0.1,0.08,0.0,0.05,0.08,0.0,1,0.08,0.08,1.4853235241651643,6.513636675430772,0.9693606058728284
0.1,0.08,0.0,0.05,0.08,0.0,2,0.08,0.08,2.673321553798752,25.333718467778017,0.9996130821506407
0.1,0.08,0.0,0.05,0.08,0.0,5,0.08,0.08,0.7369012363165999,208.59016256578934,0.19961352138188884
0.1,0.08,0.0,0.05,0.08,0.0,10,0.08,0.08,23.604143165038685,875.6530479052947,0.26238983728694343
0.1,0.08,0.0,0.1,0.08,0.0,0.01,0.08,0.08,9.22128025172852,94.44409269890129,0.8532069509503837
0.1,0.08,0.0,0.1,0.08,0.0,0.02,0.08,0.08,0.7257561842405034,26.00730343119733,0.9852359698779395
0.1,0.08,0.0,0.1,0.08,0.0,0.05,0.08,0.08,0.5324421323713162,6.602083597164237,0.9622941163436547
0.1,0.08,0.0,0.1,0.08,0.0,0.1,0.08,0.08,4.1190881466669635,21.769409280108004,0.9990378191204773
0.1,0.08,0.0,0.1,0.08,0.0,0.2,0.08,0.08,2.796466462843476,14.387252336950175,0.9996716677827868
0.1,0.08,0.0,0.1,0.08,0.0,0.5,0.08,0.08,2.3792708685921298,17.35620234964414,0.9998904699050836
0.1,0.08,0.0,0.1,0.08,0.0,1,0.08,0.08,2.361863132718511,13.288630917221004,0.9996503482699993
0.1,0.08,0.0,0.1,0.08,0.0,2,0.08,0.08,1.042616030977411,12.754847626319085,0.9380916347291921
0.1,0.08,0.0,0.1,0.08,0.0,5,0.08,0.08,0.3356037106913929,17.373006202469277,0.8562541891776494
0.1,0.08,0.0,0.1,0.08,0.0,10,0.08,0.08,1.4435687773463748,824.6178209398873,0.20253764665310767
0.1,0.08,0.0,0.2,0.08,0.0,0.01,0.08,0.08,27.41085373403462,2132.0103296112384,0.6783470242855897
0.1,0.08,0.0,0.2,0.08,0.0,0.02,0.08,0.08,2.336547585377401,10.461983937670428,0.9994407065040306
0.1,0.08,0.0,0.2,0.08,0.0,0.05,0.08,0.08,6.860026674430315,35.63010459166275,0.9995993858380753
0.1,0.08,0.0,0.2,0.08,0.0,0.1,0.08,0.08,4.51310660972474,25.891393059390442,0.9994896896784723
0.1,0.08,0.0,0.2,0.08,0.0,0.2,0.08,0.08,8.842981596533036,34.549234426012646,0.9999985988471101
0.1,0.08,0.0,0.2,0.08,0.0,0.5,0.08,0.08,2.4000845274107894,17.999853068319613,0.9999051259167787
0.1,0.08,0.0,0.2,0.08,0.0,1,0.08,0.08,1.1381619417719047,20.316829190127883,0.9983955098880183
0.1,0.08,0.0,0.2,0.08,0.0,2,0.08,0.08,0.5405498783086294,22.642654120557484,0.9998130352434824
0.1,0.08,0.0,0.2,0.08,0.0,5,0.08,0.08,0.7848107067801438,15.05868914397893,0.8932073299266817
0.1,0.08,0.0,0.2,0.08,0.0,10,0.08,0.08,1.611793627872477,111.30995088589304,0.6891257900095861
0.1,0.08,0.0,0.5,0.08,0.0,0.01,0.08,0.08,8.63157345633223,19.808487770595782,0.99999945345861
0.1,0.08,0.0,0.5,0.08,0.0,0.02,0.08,0.08,3.7583585129238695,19.57340465236853,0.9999650085695768
0.1,0.08,0.0,0.5,0.08,0.0,0.05,0.08,0.08,6.6458133744719445,21.037828376200956,0.9999985461423168
0.1,0.08,0.0,0.5,0.08,0.0,0.1,0.08,0.08,4.066091419741676,30.33206896345547,0.9967093322782999
0.1,0.08,0.0,0.5,0.08,0.0,0.2,0.08,0.08,2.419155419643713,14.576090464591744,0.9984446990309463
0.1,0.08,0.0,0.5,0.08,0.0,0.5,0.08,0.08,2.776316211492175,12.135874511402612,0.999820872310463
0.1,0.08,0.0,0.5,0.08,0.0,1,0.08,0.08,1.235393641568743,4.86464689957189,0.9368651197259502
0.1,0.08,0.0,0.5,0.08,0.0,2,0.08,0.08,1.4794516736282854,11.505634530038797,0.9988000227851728
0.1,0.08,0.0,0.5,0.08,0.0,5,0.08,0.08,0.382226674268663,20.035681972705554,0.9350325593728168
0.1,0.08,0.0,0.5,0.08,0.0,10,0.08,0.08,0.3094981623551453,152.10297673881075,0.3816470597265756
0.1,0.08,0.0,1,0.08,0.0,0.01,0.08,0.08,3.775462526460396,32.355940269565664,0.957166286485002
0.1,0.08,0.0,1,0.08,0.0,0.02,0.08,0.08,0.1154347522267979,6.311594629391671,0.9281082093660317
0.1,0.08,0.0,1,0.08,0.0,0.05,0.08,0.08,1.63756352299036,13.581301591884884,0.9386875725019241
0.1,0.08,0.0,1,0.08,0.0,0.1,0.08,0.08,2.562521723511806,10.998152088727574,0.9990595603865382
0.1,0.08,0.0,1,0.08,0.0,0.2,0.08,0.08,4.4272448994244025,32.57724498764473,0.9990779390012909
0.1,0.08,0.0,1,0.08,0.0,0.5,0.08,0.08,4.538227042740905,14.909792880240238,0.9996138562842979
0.1,0.08,0.0,1,0.08,0.0,1,0.08,0.08,0.38154759139668404,6.663839303403025,0.9804991857065529
0.1,0.08,0.0,1,0.08,0.0,2,0.08,0.08,0.6045555817909574,5.44054691088684,0.9378594906262424
0.1,0.08,0.0,1,0.08,0.0,5,0.08,0.08,0.5367597148143651,186.73763132479104,0.5965585265351143
0.1,0.08,0.0,1,0.08,0.0,10,0.08,0.08,19.215418208292085,965.25724053584,0.16922850984123916
0.1,0.08,0.0,2,0.08,0.0,0.01,0.08,0.08,32.93509670218489,380.67949639457277,0.626980235878504
0.1,0.08,0.0,2,0.08,0.0,0.02,0.08,0.08,11.711577953169249,76.27264176480935,0.9851339245164282
0.1,0.08,0.0,2,0.08,0.0,0.05,0.08,0.08,1.8659950479364231,29.404624891312316,0.9961415584514874
0.1,0.08,0.0,2,0.08,0.0,0.1,0.08,0.08,2.367407098561217,25.988412077648313,0.9994876023597035
0.1,0.08,0.0,2,0.08,0.0,0.2,0.08,0.08,1.7401027735513004,11.509940824072808,0.9973362885462733
0.1,0.08,0.0,2,0.08,0.0,0.5,0.08,0.08,1.645595384288289,48.69502911126058,0.9995038468982329
0.1,0.08,0.0,2,0.08,0.0,1,0.08,0.08,0.42076773221167624,11.89628242739378,0.9995815745883917
0.1,0.08,0.0,2,0.08,0.0,2,0.08,0.08,0.06987571204545868,13.377573738159558,0.9988087638947329
0.1,0.08,0.0,2,0.08,0.0,5,0.08,0.08,0.7259789358965467,237.7546382760557,0.4143337603481111
0.1,0.08,0.0,2,0.08,0.0,10,0.08,0.08,4.0598699868284225,1302.2541903315937,0.4573827055217177
0.1,0.08,0.0,5,0.08,0.0,0.01,0.08,0.08,14.867634807818904,59.50503554078455,0.6646035814628248
0.1,0.08,0.0,5,0.08,0.0,0.02,0.08,0.08,5.472718169929412,99.1003110602052,0.3410340574180611
0.1,0.08,0.0,5,0.08,0.0,0.05,0.08,0.08,8.88620428245287,58.88807422028483,0.9837102072756976
0.1,0.08,0.0,5,0.08,0.0,0.1,0.08,0.08,0.6630674946274199,28.681147427975617,0.9955647877741559
0.1,0.08,0.0,5,0.08,0.0,0.2,0.08,0.08,6.977118956858984,23.629796419900885,0.999799457650877
0.1,0.08,0.0,5,0.08,0.0,0.5,0.08,0.08,3.245054639527117,10.685282464395224,0.9998492049822348
0.1,0.08,0.0,5,0.08,0.0,1,0.08,0.08,4.509183273603592,64.59754454297466,0.9981861245937221
0.1,0.08,0.0,5,0.08,0.0,2,0.08,0.08,0.440328366760911,11.418381177244623,0.9740087818919915
0.1,0.08,0.0,5,0.08,0.0,5,0.08,0.08,5.465744821402942,250.41930976108847,0.34275074534071864
0.1,0.08,0.0,5,0.08,0.0,10,0.08,0.08,1.7882911810165418,23.25408135175821,0.9983857915289361
0.1,0.08,0.0,10,0.08,0.0,0.01,0.08,0.08,2.269586857943061,17.955600035340286,0.9998865892519301
0.1,0.08,0.0,10,0.08,0.0,0.02,0.08,0.08,3.01049053115804,17.856812242712603,0.9999999802146791
0.1,0.08,0.0,10,0.08,0.0,0.05,0.08,0.08,2.1771549861791164,12.934090691504448,0.9881212431491688
0.1,0.08,0.0,10,0.08,0.0,0.1,0.08,0.08,7.022307192821674,20.16546729444932,0.9999652828219856
0.1,0.08,0.0,10,0.08,0.0,0.2,0.08,0.08,5.780358244099543,18.95309132244441,0.9999517844318118
0.1,0.08,0.0,10,0.08,0.0,0.5,0.08,0.08,8.435996800162455,13.547589148039975,0.9999395886121025
0.1,0.08,0.0,10,0.08,0.0,1,0.08,0.08,0.6011589239851022,15.634514587430285,0.9997137958543263
0.1,0.08,0.0,10,0.08,0.0,2,0.08,0.08,1.413165181567666,10.583746362770903,0.9942920165761799
0.1,0.08,0.0,10,0.08,0.0,5,0.08,0.08,0.6540222656497787,83.28988215808087,0.8093237076602063
0.1,0.08,0.0,10,0.08,0.0,10,0.08,0.08,15.463874935559843,1472.94858587503,0.25555593891249073
0.2,0.08,0.0,0.01,0.08,0.0,0.01,0.08,0.08,2.9614335044547477,36.09215182600554,0.8729314546177138
0.2,0.08,0.0,0.01,0.08,0.0,0.02,0.08,0.08,5.55439419464301,16.77088247190401,0.9999969510528339
0.2,0.08,0.0,0.01,0.08,0.0,0.05,0.08,0.08,6.676384277074435,15.449776073664117,0.9999955106421169
0.2,0.08,0.0,0.01,0.08,0.0,0.1,0.08,0.08,0.9308750095960822,12.156809693313877,0.990243728383069
0.2,0.08,0.0,0.01,0.08,0.0,0.2,0.08,0.08,4.839206846529226,15.822342324358408,0.9999876201984323
0.2,0.08,0.0,0.01,0.08,0.0,0.5,0.08,0.08,0.2749772621943366,17.836773076418023,0.5552510686249087
0.2,0.08,0.0,0.01,0.08,0.0,1,0.08,0.08,2.8760463794815534,7.6490574103863365,0.9999670513225442
0.2,0.08,0.0,0.01,0.08,0.0,2,0.08,0.08,0.5142385412860391,5.165373473573091,0.9032938527267774
0.2,0.08,0.0,0.01,0.08,0.0,5,0.08,0.08,0.2229290664434433,11.784059338558118,0.991222824634777
0.2,0.08,0.0,0.01,0.08,0.0,10,0.08,0.08,3.3421060530024485,772.6652197660285,0.23125347214716127
0.2,0.08,0.0,0.02,0.08,0.0,0.01,0.08,0.08,8.914100927409846,52.022590737433646,0.8277802903206766
0.2,0.08,0.0,0.02,0.08,0.0,0.02,0.08,0.08,11.631102835126399,75.36679591360836,0.9809294600071808
0.2,0.08,0.0,0.02,0.08,0.0,0.05,0.08,0.08,3.254281563247396,18.699638140825403,0.9997038668617402
0.2,0.08,0.0,0.02,0.08,0.0,0.1,0.08,0.08,1.1118776753642439,26.776514871987803,0.8494451591996842
0.2,0.08,0.0,0.02,0.08,0.0,0.2,0.08,0.08,2.8442031317413976,17.598491172432382,0.9751159415970061
0.2,0.08,0.0,0.02,0.08,0.0,0.5,0.08,0.08,2.846624337720931,3.748283404276519,0.991094036804992
0.2,0.08,0.0,0.02,0.08,0.0,1,0.08,0.08,0.6222979495766627,11.50787423999877,0.9998611144934187
0.2,0.08,0.0,0.02,0.08,0.0,2,0.08,0.08,0.38039244326012334,24.275051093144235,0.999197712310955
0.2,0.08,0.0,0.02,0.08,0.0,5,0.08,0.08,0.9229989006904128,18.9198546941438,0.9995985904591042
0.2,0.08,0.0,0.02,0.08,0.0,10,0.08,0.08,8.692318093288389,520.4375660268482,0.43559382697736204
0.2,0.08,0.0,0.05,0.08,0.0,0.01,0.08,0.08,0.9157315386345922,20.431306236650464,0.4411375462343611
0.2,0.08,0.0,0.05,0.08,0.0,0.02,0.08,0.08,4.368811538630491,20.32889903147648,0.999950143775382
0.2,0.08,0.0,0.05,0.08,0.0,0.05,0.08,0.08,7.852163407801046,27.717757590362375,0.9998522227667108
0.2,0.08,0.0,0.05,0.08,0.0,0.1,0.08,0.08,0.6744691070620877,11.796967740187899,0.9996660839743688
0.2,0.08,0.0,0.05,0.08,0.0,0.2,0.08,0.08,8.832508908649537,25.21835844483375,0.999950496147129
0.2,0.08,0.0,0.05,0.08,0.0,0.5,0.08,0.08,0.29430844236696346,7.79198850277559,0.9845433435732672
0.2,0.08,0.0,0.05,0.08,0.0,1,0.08,0.08,3.1795444763802214,25.050833398370916,0.9999301730595493
0.2,0.08,0.0,0.05,0.08,0.0,2,0.08,0.08,0.14207864124556646,15.897245548588984,0.9850302900782666
0.2,0.08,0.0,0.05,0.08,0.0,5,0.08,0.08,0.6706291058439425,24.8130714231017,0.9860695178439446
0.2,0.08,0.0,0.05,0.08,0.0,10,0.08,0.08,4.713136955215799,567.5184591315724,0.5938638914569172
0.2,0.08,0.0,0.1,0.08,0.0,0.01,0.08,0.08,1.1247134707189603,24.47318074788048,0.9715068949468754
0.2,0.08,0.0,0.1,0.08,0.0,0.02,0.08,0.08,1.7523109441074334,7.4363296269376296,0.9286379922340233
0.2,0.08,0.0,0.1,0.08,0.0,0.05,0.08,0.08,2.622584437101292,23.62395639338169,0.9988742087201581
0.2,0.08,0.0,0.1,0.08,0.0,0.1,0.08,0.08,3.6610902206576212,14.883876979697495,0.9988046777095048
0.2,0.08,0.0,0.1,0.08,0.0,0.2,0.08,0.08,3.4355727007724037,18.994175620589495,0.9991020242839161
0.2,0.08,0.0,0.1,0.08,0.0,0.5,0.08,0.08,2.4089440764460672,14.874834766956843,0.9999567380978582
0.2,0.08,0.0,0.1,0.08,0.0,1,0.08,0.08,0.6977789667870488,26.823634119472207,0.9984252351918226
0.2,0.08,0.0,0.1,0.08,0.0,2,0.08,0.08,2.3271410146407088,11.261804423763262,0.9986207543927501
0.2,0.08,0.0,0.1,0.08,0.0,5,0.08,0.08,0.3403596361155204,37.74981053319967,0.906647218675298
0.2,0.08,0.0,0.1,0.08,0.0,10,0.08,0.08,1.1452358020127122,719.1261585304103,0.18516002254090463
0.2,0.08,0.0,0.2,0.08,0.0,0.01,0.08,0.08,2.3425426181982933,26.122580334089157,0.8280023069107763
0.2,0.08,0.0,0.2,0.08,0.0,0.02,0.08,0.08,4.316560137796188,38.62154460643093,0.9987071922247226
0.2,0.08,0.0,0.2,0.08,0.0,0.05,0.08,0.08,5.136254197725307,26.171921385830405,0.9982739203933122
0.2,0.08,0.0,0.2,0.08,0.0,0.1,0.08,0.08,11.019668361649346,34.03426501849374,0.999889982080629
0.2,0.08,0.0,0.2,0.08,0.0,0.2,0.08,0.08,2.6361779221961523,17.54069679540672,0.9999714905094819
0.2,0.08,0.0,0.2,0.08,0.0,0.5,0.08,0.08,1.1498357703300475,21.749266279191506,0.984351058157545
0.2,0.08,0.0,0.2,0.08,0.0,1,0.08,0.08,0.8392372575983,24.101885848272797,0.9999583312390271
0.2,0.08,0.0,0.2,0.08,0.0,2,0.08,0.08,0.5460259604428249,10.77890059281081,0.9312532529987407
0.2,0.08,0.0,0.2,0.08,0.0,5,0.08,0.08,3.095915454246497,95.40147949428987,0.7857020406852874
0.2,0.08,0.0,0.2,0.08,0.0,10,0.08,0.08,0.18449823950084424,18.512684144387514,0.9967996329958653
0.2,0.08,0.0,0.5,0.08,0.0,0.01,0.08,0.08,4.517860482949222,22.71523135861657,0.9998842949179737
0.2,0.08,0.0,0.5,0.08,0.0,0.02,0.08,0.08,7.702547391013511,20.538021322767445,0.9999990592837535
0.2,0.08,0.0,0.5,0.08,0.0,0.05,0.08,0.08,1.4385052884658034,29.840601772765616,0.9912274908255457
0.2,0.08,0.0,0.5,0.08,0.0,0.1,0.08,0.08,1.5762538409403923,16.373237830845504,0.9931307365212931
0.2,0.08,0.0,0.5,0.08,0.0,0.2,0.08,0.08,0.6861044315898528,4.204290902834384,0.9814751198757037
0.2,0.08,0.0,0.5,0.08,0.0,0.5,0.08,0.08,0.2514077521212725,3.1726097228459897,0.998946774993327
0.2,0.08,0.0,0.5,0.08,0.0,1,0.08,0.08,0.275715468344929,9.883587117385508,0.9988955022382163
0.2,0.08,0.0,0.5,0.08,0.0,2,0.08,0.08,0.28053681698121885,26.8851582325975,0.998472933110969
0.2,0.08,0.0,0.5,0.08,0.0,5,0.08,0.08,1.422997649907924,27.76606229998918,0.8884615208061204
0.2,0.08,0.0,0.5,0.08,0.0,10,0.08,0.08,16.054452401559793,653.8952359443156,0.5296607141538308
0.2,0.08,0.0,1,0.08,0.0,0.01,0.08,0.08,0.1372337243414027,6.096471157821155,0.9203623047120567
0.2,0.08,0.0,1,0.08,0.0,0.02,0.08,0.08,0.7701324732430259,13.274476109315277,0.9322041996701445
0.2,0.08,0.0,1,0.08,0.0,0.05,0.08,0.08,2.118743738211185,11.33386929605596,0.9992687175101469
0.2,0.08,0.0,1,0.08,0.0,0.1,0.08,0.08,4.919149073227365,29.107948649918598,0.9962819600886447
0.2,0.08,0.0,1,0.08,0.0,0.2,0.08,0.08,3.6690953251515865,14.746103897110936,0.9980248779638974
0.2,0.08,0.0,1,0.08,0.0,0.5,0.08,0.08,0.9728654346771345,7.265643153101434,0.9825152389356429
0.2,0.08,0.0,1,0.08,0.0,1,0.08,0.08,1.6091130150601403,5.554471838065082,0.9524019504580244
0.2,0.08,0.0,1,0.08,0.0,2,0.08,0.08,0.4070785832027821,15.262575156719425,0.9972022409918206
0.2,0.08,0.0,1,0.08,0.0,5,0.08,0.08,0.38268062083479193,19.56545954121222,0.9963102715595527
0.2,0.08,0.0,1,0.08,0.0,10,0.08,0.08,1.9529837449715204,481.21108531023754,0.5864376554185335
0.2,0.08,0.0,2,0.08,0.0,0.01,0.08,0.08,3.9237149645312193,40.83648146158662,0.8352151039611876
0.2,0.08,0.0,2,0.08,0.0,0.02,0.08,0.08,4.411076349385684,29.000312176468448,0.9944827210553452
0.2,0.08,0.0,2,0.08,0.0,0.05,0.08,0.08,1.200171574139304,25.11884387719237,0.9989297819467459
0.2,0.08,0.0,2,0.08,0.0,0.1,0.08,0.08,1.8523037250022254,12.825794674547634,0.9936419104471681
0.2,0.08,0.0,2,0.08,0.0,0.2,0.08,0.08,4.284696821713102,30.561096055870344,0.9976530283334928
0.2,0.08,0.0,2,0.08,0.0,0.5,0.08,0.08,4.048544249854811,14.475269267869546,0.9987462489068678
0.2,0.08,0.0,2,0.08,0.0,1,0.08,0.08,0.4714307597501031,10.85743233536987,0.9876716531788936
0.2,0.08,0.0,2,0.08,0.0,2,0.08,0.08,0.3629268091144578,5.959011436271894,0.9348062498032851
0.2,0.08,0.0,2,0.08,0.0,5,0.08,0.08,0.41441457803685006,29.884423420758857,0.8828245976637719
0.2,0.08,0.0,2,0.08,0.0,10,0.08,0.08,9.561793457975497,925.7410283315896,0.2121979610324102
0.2,0.08,0.0,5,0.08,0.0,0.01,0.08,0.08,7.283559608156544,55.579061235547314,0.6765521569755688
0.2,0.08,0.0,5,0.08,0.0,0.02,0.08,0.08,12.087470111370054,68.45765442439101,0.9622433998712103
0.2,0.08,0.0,5,0.08,0.0,0.05,0.08,0.08,3.38725371107049,29.902279845223546,0.9904223028609547
0.2,0.08,0.0,5,0.08,0.0,0.1,0.08,0.08,2.619821053139984,82.44011980647895,0.9995659804969974
0.2,0.08,0.0,5,0.08,0.0,0.2,0.08,0.08,2.4154188145291897,10.40731003820314,0.999658030501997
0.2,0.08,0.0,5,0.08,0.0,0.5,0.08,0.08,2.488342362718135,64.58131758763125,0.9986584404122821
0.2,0.08,0.0,5,0.08,0.0,1,0.08,0.08,0.30457800405621976,11.92783221494722,0.984305586632504
0.2,0.08,0.0,5,0.08,0.0,2,0.08,0.08,0.46757734376839716,12.15248776602321,0.9666134562023951
0.2,0.08,0.0,5,0.08,0.0,5,0.08,0.08,1.161795144764616,18.49435182006943,0.9946789715933889
0.2,0.08,0.0,5,0.08,0.0,10,0.08,0.08,1.4011856912668519,785.7931015027054,0.29017345062875743
0.2,0.08,0.0,10,0.08,0.0,0.01,0.08,0.08,18.646152054472,102.41617124769436,0.999915813322823
0.2,0.08,0.0,10,0.08,0.0,0.02,0.08,0.08,1.7937928921048771,15.484466537448617,0.9997797832821097
0.2,0.08,0.0,10,0.08,0.0,0.05,0.08,0.08,6.742729775725534,19.948678249808786,0.9998902059872717
0.2,0.08,0.0,10,0.08,0.0,0.1,0.08,0.08,3.76091451923297,18.19955258616374,0.9998414331928599
0.2,0.08,0.0,10,0.08,0.0,0.2,0.08,0.08,6.964195241138774,14.245735117955656,0.9999970138520995
0.2,0.08,0.0,10,0.08,0.0,0.5,0.08,0.08,0.4785150222248144,17.784742793314862,0.9994546437207714
0.2,0.08,0.0,10,0.08,0.0,1,0.08,0.08,1.8822398621069032,12.036308742732993,0.9999301590120654
0.2,0.08,0.0,10,0.08,0.0,2,0.08,0.08,0.5783945517085258,8.825164435178845,0.9898034978905293
0.2,0.08,0.0,10,0.08,0.0,5,0.08,0.08,0.4412682815306943,34.71470219831333,0.8629918265279058
0.2,0.08,0.0,10,0.08,0.0,10,0.08,0.08,0.9392701417480792,19.531710297654215,0.9995954162530143
0.5,0.08,0.0,0.01,0.08,0.0,0.01,0.08,0.08,5.47678830430374,17.931011271909718,0.9990819150121125
0.5,0.08,0.0,0.01,0.08,0.0,0.02,0.08,0.08,7.140245516479144,15.135139635489622,0.9999997359694791
0.5,0.08,0.0,0.01,0.08,0.0,0.05,0.08,0.08,2.747960342532216,4.094040189895211,0.9859818674658519
0.5,0.08,0.0,0.01,0.08,0.0,0.1,0.08,0.08,4.106419577256753,21.43347705523842,0.9999170077331493
0.5,0.08,0.0,0.01,0.08,0.0,0.2,0.08,0.08,0.4666163376276651,17.37456339021748,0.6723832916502211
0.5,0.08,0.0,0.01,0.08,0.0,0.5,0.08,0.08,1.9083533227506868,9.865217828020347,0.9999990972503481
0.5,0.08,0.0,0.01,0.08,0.0,1,0.08,0.08,2.272441415119726,3.4443768318819847,0.9909167380502539
0.5,0.08,0.0,0.01,0.08,0.0,2,0.08,0.08,0.3033511368717378,11.058440562080458,0.9847906255704919
0.5,0.08,0.0,0.01,0.08,0.0,5,0.08,0.08,2.4369556359576556,232.88209777844818,0.3233775571792439
0.5,0.08,0.0,0.01,0.08,0.0,10,0.08,0.08,14.467033288943133,922.5682552249502,0.26741355257305877
0.5,0.08,0.0,0.02,0.08,0.0,0.01,0.08,0.08,13.084996141336049,96.55550842880797,0.9574276992987465
0.5,0.08,0.0,0.02,0.08,0.0,0.02,0.08,0.08,3.8727458408527986,17.820357133918538,0.9965591961784764
0.5,0.08,0.0,0.02,0.08,0.0,0.05,0.08,0.08,0.7566872801911987,17.226539711880775,0.8139574376583882
0.5,0.08,0.0,0.02,0.08,0.0,0.1,0.08,0.08,1.1373786289494563,22.854242505272033,0.2591912480903137
0.5,0.08,0.0,0.02,0.08,0.0,0.2,0.08,0.08,1.3265235121496541,4.729338321833099,0.9995896481080909
0.5,0.08,0.0,0.02,0.08,0.0,0.5,0.08,0.08,3.7974094455451293,12.691733222399478,0.9996882830519007
0.5,0.08,0.0,0.02,0.08,0.0,1,0.08,0.08,0.2951810122716729,21.88367903583042,0.9949697180230054
0.5,0.08,0.0,0.02,0.08,0.0,2,0.08,0.08,2.907407593852322,8.91646891621455,0.9892765222329338
0.5,0.08,0.0,0.02,0.08,0.0,5,0.08,0.08,0.39051760020186915,41.92087761168153,0.9619353287316506
0.5,0.08,0.0,0.02,0.08,0.0,10,0.08,0.08,2.509674404099692,979.7097909867628,0.3082746768460449
0.5,0.08,0.0,0.05,0.08,0.0,0.01,0.08,0.08,4.490634772705588,38.287487147755044,0.8459554877737064
0.5,0.08,0.0,0.05,0.08,0.0,0.02,0.08,0.08,6.164015726726871,31.826093292949803,0.9933561210126668
0.5,0.08,0.0,0.05,0.08,0.0,0.05,0.08,0.08,0.42409847469709966,12.888492003475601,0.9917317045944923
0.5,0.08,0.0,0.05,0.08,0.0,0.1,0.08,0.08,8.829783880585678,24.379696322522925,0.9999972584757235
0.5,0.08,0.0,0.05,0.08,0.0,0.2,0.08,0.08,0.6768218074759876,7.670276712217623,0.9374272807892348
0.5,0.08,0.0,0.05,0.08,0.0,0.5,0.08,0.08,2.9920510178226056,25.038210683966028,0.9997844024067087
0.5,0.08,0.0,0.05,0.08,0.0,1,0.08,0.08,6.358835315108752,27.007788171865066,0.923688458096358
0.5,0.08,0.0,0.05,0.08,0.0,2,0.08,0.08,1.147699696859841,20.915653368978194,0.9888581343861789
0.5,0.08,0.0,0.05,0.08,0.0,5,0.08,0.08,0.7889474151347828,30.169874680528217,0.9926642039130016
0.5,0.08,0.0,0.05,0.08,0.0,10,0.08,0.08,11.461266020927036,1021.1941469998048,0.49528350263932686
0.5,0.08,0.0,0.1,0.08,0.0,0.01,0.08,0.08,9.996328878808974,40.324883979174025,0.8700584839557621
0.5,0.08,0.0,0.1,0.08,0.0,0.02,0.08,0.08,1.9948979522773278,23.99240242183418,0.9998462608159776
0.5,0.08,0.0,0.1,0.08,0.0,0.05,0.08,0.08,1.4375362737955786,14.805715627275134,0.9976809256949576
0.5,0.08,0.0,0.1,0.08,0.0,0.1,0.08,0.08,3.083783595479806,19.583981395461958,0.9856530195674338
0.5,0.08,0.0,0.1,0.08,0.0,0.2,0.08,0.08,2.5722085152323273,14.972235663330006,0.9992544317361359
0.5,0.08,0.0,0.1,0.08,0.0,0.5,0.08,0.08,1.089489904512765,8.540508092129318,0.9589371738596918
0.5,0.08,0.0,0.1,0.08,0.0,1,0.08,0.08,0.29152581418079154,8.034647085001525,0.9993136786134834
0.5,0.08,0.0,0.1,0.08,0.0,2,0.08,0.08,1.2324261131809748,16.823278189721428,0.9960837732964571
0.5,0.08,0.0,0.1,0.08,0.0,5,0.08,0.08,1.1272599054102015,24.693044658935186,0.9033837841980314
0.5,0.08,0.0,0.1,0.08,0.0,10,0.08,0.08,12.579371812188835,729.2277268199748,0.2697780760988697
0.5,0.08,0.0,0.2,0.08,0.0,0.01,0.08,0.08,17.98343283273588,95.71350963066583,0.7298905994326108
0.5,0.08,0.0,0.2,0.08,0.0,0.02,0.08,0.08,12.75065053782589,50.86314243140672,0.6875059521953332
0.5,0.08,0.0,0.2,0.08,0.0,0.05,0.08,0.08,9.524592470786647,35.048338733389485,0.9993418424851672
0.5,0.08,0.0,0.2,0.08,0.0,0.1,0.08,0.08,3.7252101727642257,17.5669280017862,0.999938861571973
0.5,0.08,0.0,0.2,0.08,0.0,0.2,0.08,0.08,0.42900932434791195,20.463659496941588,0.9413060655732808
0.5,0.08,0.0,0.2,0.08,0.0,0.5,0.08,0.08,2.8029258843943525,14.484408901773225,0.9996763662135824
0.5,0.08,0.0,0.2,0.08,0.0,1,0.08,0.08,0.5396993155230053,5.14485542507979,0.95164959230528
0.5,0.08,0.0,0.2,0.08,0.0,2,0.08,0.08,1.0664775789086933,49.44603445379876,0.9949887886727221
0.5,0.08,0.0,0.2,0.08,0.0,5,0.08,0.08,2.0562762034693196,12.88290652050211,0.9999311751785755
0.5,0.08,0.0,0.2,0.08,0.0,10,0.08,0.08,0.752606336436735,19.11673419942312,0.9362195444864035
0.5,0.08,0.0,0.5,0.08,0.0,0.01,0.08,0.08,3.773423819803387,19.797915282871287,0.9999946552642968
0.5,0.08,0.0,0.5,0.08,0.0,0.02,0.08,0.08,2.0837171887016517,31.734525239108347,0.9518862183446852
0.5,0.08,0.0,0.5,0.08,0.0,0.05,0.08,0.08,2.8931258493070944,16.626078221915552,0.9325374656531715
0.5,0.08,0.0,0.5,0.08,0.0,0.1,0.08,0.08,1.031590172556466,8.000797775407413,0.9879473434351694
0.5,0.08,0.0,0.5,0.08,0.0,0.2,0.08,0.08,0.3612982179046993,3.556979687802303,0.9714322523032851
0.5,0.08,0.0,0.5,0.08,0.0,0.5,0.08,0.08,3.8267662140175056,9.63969588873509,0.99992213422224
0.5,0.08,0.0,0.5,0.08,0.0,1,0.08,0.08,1.0033176303141624,26.76812791464933,0.9940573181530581
0.5,0.08,0.0,0.5,0.08,0.0,2,0.08,0.08,1.032405266301613,18.602696652627447,0.9783086085453288
0.5,0.08,0.0,0.5,0.08,0.0,5,0.08,0.08,1.1563894886812653,58.68689264680965,0.8181253296886695
0.5,0.08,0.0,0.5,0.08,0.0,10,0.08,0.08,0.744476808878361,432.06971015413484,0.1557468695463868
0.5,0.08,0.0,1,0.08,0.0,0.01,0.08,0.08,2.226196491403145,78.77481575125788,0.42807077934841103
0.5,0.08,0.0,1,0.08,0.0,0.02,0.08,0.08,2.722969778332292,30.113880172820522,0.43503563272407125
0.5,0.08,0.0,1,0.08,0.0,0.05,0.08,0.08,3.935184358176675,31.60160564502234,0.9728064804837252
0.5,0.08,0.0,1,0.08,0.0,0.1,0.08,0.08,3.2745499811827976,16.030557948603498,0.9876525356083163
0.5,0.08,0.0,1,0.08,0.0,0.2,0.08,0.08,0.4083486846292744,5.292965397325877,0.9767716801822857
0.5,0.08,0.0,1,0.08,0.0,0.5,0.08,0.08,0.8174794917868639,8.835485703362966,0.9880448691707608
0.5,0.08,0.0,1,0.08,0.0,1,0.08,0.08,0.6617281266707834,12.574822938969545,0.9950659405653198
0.5,0.08,0.0,1,0.08,0.0,2,0.08,0.08,0.5595558654553497,11.58420613861872,0.9978870937521283
0.5,0.08,0.0,1,0.08,0.0,5,0.08,0.08,0.4383774168236059,15.84810119626383,0.8266500311041155
0.5,0.08,0.0,1,0.08,0.0,10,0.08,0.08,2.8764944427062633,735.464472785998,0.4766104417763565
0.5,0.08,0.0,2,0.08,0.0,0.01,0.08,0.08,2.328841904968442,28.019840003225333,0.9838033423432301
0.5,0.08,0.0,2,0.08,0.0,0.02,0.08,0.08,3.5701343620289867,23.94902590753299,0.9994595786309315
0.5,0.08,0.0,2,0.08,0.0,0.05,0.08,0.08,4.102188536681905,13.79463791555223,0.9693803795513192
0.5,0.08,0.0,2,0.08,0.0,0.1,0.08,0.08,2.46352554413832,29.629176721512305,0.9750496243927472
0.5,0.08,0.0,2,0.08,0.0,0.2,0.08,0.08,0.8223301949364535,15.223580686728663,0.9771210237376583
0.5,0.08,0.0,2,0.08,0.0,0.5,0.08,0.08,0.8419326387500607,5.565914720717862,0.9775399954779068
0.5,0.08,0.0,2,0.08,0.0,1,0.08,0.08,0.6526920457482088,7.0422433226896315,0.9847871509293118
0.5,0.08,0.0,2,0.08,0.0,2,0.08,0.08,0.8971500297832316,15.555719261128939,0.9810835545697789
0.5,0.08,0.0,2,0.08,0.0,5,0.08,0.08,0.5077484314427332,11.135608004967292,0.9544650251819405
0.5,0.08,0.0,2,0.08,0.0,10,0.08,0.08,0.25332023546919985,136.42232305888226,0.38994015909744967
0.5,0.08,0.0,5,0.08,0.0,0.01,0.08,0.08,15.567284368434521,57.040281274311994,0.8845766930989748
0.5,0.08,0.0,5,0.08,0.0,0.02,0.08,0.08,4.019195745571086,28.34103388416012,0.9891669811594836
0.5,0.08,0.0,5,0.08,0.0,0.05,0.08,0.08,9.600905129810537,60.60805986771427,0.9970670252557912
0.5,0.08,0.0,5,0.08,0.0,0.1,0.08,0.08,2.5149023495185547,11.114406115298207,0.9988319009976273
0.5,0.08,0.0,5,0.08,0.0,0.2,0.08,0.08,1.0989705871401736,30.104367922091097,0.978837701600788
0.5,0.08,0.0,5,0.08,0.0,0.5,0.08,0.08,0.1485071596904507,13.817471374463057,0.9878489339345283
0.5,0.08,0.0,5,0.08,0.0,1,0.08,0.08,1.3925125171806316,10.79736967106374,0.9823938304849518
0.5,0.08,0.0,5,0.08,0.0,2,0.08,0.08,0.9328713039157542,11.778971167976007,0.9995520331876058
0.5,0.08,0.0,5,0.08,0.0,5,0.08,0.08,0.8926196385357189,14.192985295803453,0.9994553537865859
0.5,0.08,0.0,5,0.08,0.0,10,0.08,0.08,0.6924583022434234,24.115095180642392,0.9791038559767548
0.5,0.08,0.0,10,0.08,0.0,0.01,0.08,0.08,0.9900295498274143,19.798369336605056,0.8848774876960014
0.5,0.08,0.0,10,0.08,0.0,0.02,0.08,0.08,8.243015393783516,20.979598939481644,0.9994504791624005
0.5,0.08,0.0,10,0.08,0.0,0.05,0.08,0.08,5.770115743406761,19.2030322436297,0.9988686485390227
0.5,0.08,0.0,10,0.08,0.0,0.1,0.08,0.08,5.8461250569636585,14.747003657778084,0.9999970658647463
0.5,0.08,0.0,10,0.08,0.0,0.2,0.08,0.08,1.8825911420304418,17.256435136568403,0.9993903586043372
0.5,0.08,0.0,10,0.08,0.0,0.5,0.08,0.08,0.25170408813247314,8.57669954457628,0.9478459905492154
0.5,0.08,0.0,10,0.08,0.0,1,0.08,0.08,1.5694868246157339,14.212498578565027,0.9383154666488133
0.5,0.08,0.0,10,0.08,0.0,2,0.08,0.08,1.697490339268298,41.20142741567019,0.927524770089537
0.5,0.08,0.0,10,0.08,0.0,5,0.08,0.08,4.045691905244222,15.6581691761233,0.9914742252063494
0.5,0.08,0.0,10,0.08,0.0,10,0.08,0.08,7.667435585983336,936.7357651353099,0.0546724322522618
1,0.08,0.0,0.01,0.08,0.0,0.01,0.08,0.08,1.7316756665908164,69.89448325627434,0.8161507238885959
1,0.08,0.0,0.01,0.08,0.0,0.02,0.08,0.08,1.4440003891247128,4.28994793885829,0.9719370102669174
1,0.08,0.0,0.01,0.08,0.0,0.05,0.08,0.08,0.26441435544427794,40.62485958540459,0.9988874620356708
1,0.08,0.0,0.01,0.08,0.0,0.1,0.08,0.08,2.306226845466169,32.82073643214172,0.9649283335406222
1,0.08,0.0,0.01,0.08,0.0,0.2,0.08,0.08,2.1240276973236663,11.92222770258456,0.999982681936586
1,0.08,0.0,0.01,0.08,0.0,0.5,0.08,0.08,0.4198476166877625,15.054808661355057,0.7852775737538158
1,0.08,0.0,0.01,0.08,0.0,1,0.08,0.08,0.8472674900008964,11.045540113540444,0.9703626774651009
1,0.08,0.0,0.01,0.08,0.0,2,0.08,0.08,0.4117549862429288,30.778397114320047,0.9377467101070573
1,0.08,0.0,0.01,0.08,0.0,5,0.08,0.08,4.585018990744061,301.1683593742898,0.828567996553959
1,0.08,0.0,0.01,0.08,0.0,10,0.08,0.08,3.520272039450708,593.955425911008,0.4711387014625753
1,0.08,0.0,0.02,0.08,0.0,0.01,0.08,0.08,6.6429785213788035,40.63373006155052,0.9705967253413796
1,0.08,0.0,0.02,0.08,0.0,0.02,0.08,0.08,1.4695643663775824,20.694786084078718,0.8429056538517816
1,0.08,0.0,0.02,0.08,0.0,0.05,0.08,0.08,0.5113093503529132,28.52922086211308,0.8633910719083485
1,0.08,0.0,0.02,0.08,0.0,0.1,0.08,0.08,1.6660615344725231,3.7439495487357988,0.975043460962166
1,0.08,0.0,0.02,0.08,0.0,0.2,0.08,0.08,4.570447151181057,14.565993361826575,0.999998945545598
1,0.08,0.0,0.02,0.08,0.0,0.5,0.08,0.08,0.7968071484377931,20.804270615407887,0.9980893091216201
1,0.08,0.0,0.02,0.08,0.0,1,0.08,0.08,1.7806293511192401,4.844507855652805,0.9964735450373771
1,0.08,0.0,0.02,0.08,0.0,2,0.08,0.08,0.8447415273342025,28.18855988255882,0.7158823460417003
1,0.08,0.0,0.02,0.08,0.0,5,0.08,0.08,1.8158285935255,170.78701638521358,0.3652009523090517
1,0.08,0.0,0.02,0.08,0.0,10,0.08,0.08,15.858207568533688,834.9060588753484,0.3746813854920658
1,0.08,0.0,0.05,0.08,0.0,0.01,0.08,0.08,9.435222379221775,50.56137664321835,0.6409618804972185
1,0.08,0.0,0.05,0.08,0.0,0.02,0.08,0.08,2.5367970479421933,26.38535009899624,0.8986509694796538
1,0.08,0.0,0.05,0.08,0.0,0.05,0.08,0.08,2.218665156172739,23.639563608530004,0.9983357704516813
1,0.08,0.0,0.05,0.08,0.0,0.1,0.08,0.08,0.5458814196943049,14.35796697233711,0.8993006147951748
1,0.08,0.0,0.05,0.08,0.0,0.2,0.08,0.08,3.162757478127707,28.542958759657,0.9918267253919756
1,0.08,0.0,0.05,0.08,0.0,0.5,0.08,0.08,1.4979934247210176,19.78048271318295,0.9766097815459733
1,0.08,0.0,0.05,0.08,0.0,1,0.08,0.08,2.510677282741029,27.504515072885578,0.993378536226038
1,0.08,0.0,0.05,0.08,0.0,2,0.08,0.08,2.2056750004598196,10.466956298570645,0.9996501414235316
1,0.08,0.0,0.05,0.08,0.0,5,0.08,0.08,1.059949157933793,35.3045101522787,0.8752209264020214
1,0.08,0.0,0.05,0.08,0.0,10,0.08,0.08,0.3792466615614182,56.820361959248416,0.7931433422217711
1,0.08,0.0,0.1,0.08,0.0,0.01,0.08,0.08,1.325255230259219,26.794191093640073,0.9323026680540233
1,0.08,0.0,0.1,0.08,0.0,0.02,0.08,0.08,3.5815306202338046,29.461716015770303,0.9686527756390917
1,0.08,0.0,0.1,0.08,0.0,0.05,0.08,0.08,1.8903300807434344,21.319767372085728,0.9599048542419185
1,0.08,0.0,0.1,0.08,0.0,0.1,0.08,0.08,1.9923790601614961,11.893749546073263,0.998213269412358
1,0.08,0.0,0.1,0.08,0.0,0.2,0.08,0.08,0.4970081634697131,15.215746907547569,0.8961271496791899
1,0.08,0.0,0.1,0.08,0.0,0.5,0.08,0.08,0.17156519504306234,11.141216838573479,0.9876555342349427
1,0.08,0.0,0.1,0.08,0.0,1,0.08,0.08,0.4704732863301351,9.834432412814783,0.9950033282670409
1,0.08,0.0,0.1,0.08,0.0,2,0.08,0.08,2.162220712087251,6.820814850858108,0.9775445415060494
1,0.08,0.0,0.1,0.08,0.0,5,0.08,0.08,0.5657161249879277,55.02832703376329,0.7324453757225684
1,0.08,0.0,0.1,0.08,0.0,10,0.08,0.08,6.096345187254579,954.387347688648,0.46367218709085883
1,0.08,0.0,0.2,0.08,0.0,0.01,0.08,0.08,1.490309042269859,61.388350883384284,0.4307125059353951
1,0.08,0.0,0.2,0.08,0.0,0.02,0.08,0.08,5.480557529600273,32.74324352780464,0.9849619143165032
1,0.08,0.0,0.2,0.08,0.0,0.05,0.08,0.08,1.1917178361849885,17.85381658685451,0.9977180986229539
1,0.08,0.0,0.2,0.08,0.0,0.1,0.08,0.08,2.0097894907446303,19.52157313740644,0.9536007509596007
1,0.08,0.0,0.2,0.08,0.0,0.2,0.08,0.08,2.2983046476361855,17.67786233851759,0.9417764398394011
1,0.08,0.0,0.2,0.08,0.0,0.5,0.08,0.08,0.5652428846940615,4.816894522270319,0.9132291301452886
1,0.08,0.0,0.2,0.08,0.0,1,0.08,0.08,0.9586098514869428,33.47348510330943,0.8945765672244438
1,0.08,0.0,0.2,0.08,0.0,2,0.08,0.08,1.1854532798887705,12.477455705789577,0.9999318098767748
1,0.08,0.0,0.2,0.08,0.0,5,0.08,0.08,0.5889079688449703,24.478341832845565,0.9973699782787434
1,0.08,0.0,0.2,0.08,0.0,10,0.08,0.08,0.7825934959205029,279.6131817570472,0.8841927060767771
1,0.08,0.0,0.5,0.08,0.0,0.01,0.08,0.08,13.423125103855423,56.410720511613626,0.9727462237261568
1,0.08,0.0,0.5,0.08,0.0,0.02,0.08,0.08,6.208221887534353,19.73442022736723,0.9772141003037386
1,0.08,0.0,0.5,0.08,0.0,0.05,0.08,0.08,0.33692714208823377,8.903151720997482,0.9940650767658593
1,0.08,0.0,0.5,0.08,0.0,0.1,0.08,0.08,0.26698499075437576,4.009176366609416,0.9619962482337233
1,0.08,0.0,0.5,0.08,0.0,0.2,0.08,0.08,1.1215459706976665,13.351865038970976,0.997258130934519
1,0.08,0.0,0.5,0.08,0.0,0.5,0.08,0.08,0.16418417098587545,15.885699958599329,0.9970612388057497
1,0.08,0.0,0.5,0.08,0.0,1,0.08,0.08,0.5594132200426699,19.498016854314052,0.9249881771694257
1,0.08,0.0,0.5,0.08,0.0,2,0.08,0.08,1.1496712026095326,37.27784146524416,0.9464065775264289
1,0.08,0.0,0.5,0.08,0.0,5,0.08,0.08,0.5469353436253543,18.834801855363118,0.9767879846582149
1,0.08,0.0,0.5,0.08,0.0,10,0.08,0.08,0.896517148162028,809.6174546422101,0.3193126580654194
1,0.08,0.0,1,0.08,0.0,0.01,0.08,0.08,4.867589848581699,18.65114666847257,0.9648765071413203
1,0.08,0.0,1,0.08,0.0,0.02,0.08,0.08,2.624583367364252,33.80723218830107,0.9573009446189429
1,0.08,0.0,1,0.08,0.0,0.05,0.08,0.08,1.3056401062531535,18.7952688414857,0.9680131200250695
1,0.08,0.0,1,0.08,0.0,0.1,0.08,0.08,0.700525655799315,10.034406323518777,0.9847531624303872
1,0.08,0.0,1,0.08,0.0,0.2,0.08,0.08,0.35284222180523067,5.4468386351973495,0.9411658253822431
1,0.08,0.0,1,0.08,0.0,0.5,0.08,0.08,1.3877213411063585,10.716529051359885,0.999741668610182
1,0.08,0.0,1,0.08,0.0,1,0.08,0.08,4.035518672779853,22.70383202368489,0.9934095845558473
1,0.08,0.0,1,0.08,0.0,2,0.08,0.08,0.5080712842361716,17.75966790361901,0.8689473236680575
1,0.08,0.0,1,0.08,0.0,5,0.08,0.08,4.597455202103124,289.4530025945259,0.6617729377336453
1,0.08,0.0,1,0.08,0.0,10,0.08,0.08,0.46148569556582336,51.168692260586674,0.8425430075903007
1,0.08,0.0,2,0.08,0.0,0.01,0.08,0.08,1.6086809075003399,30.258034084715895,0.8668904117913374
1,0.08,0.0,2,0.08,0.0,0.02,0.08,0.08,0.12278694264274917,18.11887174333635,0.7183219872886242
1,0.08,0.0,2,0.08,0.0,0.05,0.08,0.08,2.7434524346884985,32.32865936925083,0.9601154282332997
1,0.08,0.0,2,0.08,0.0,0.1,0.08,0.08,1.915329613500137,19.25882051695363,0.9596511719253302
1,0.08,0.0,2,0.08,0.0,0.2,0.08,0.08,0.8946079579760088,10.5449350619904,0.9701278054392136
1,0.08,0.0,2,0.08,0.0,0.5,0.08,0.08,0.13084055827787774,6.6145169716645,0.9312807120229689
1,0.08,0.0,2,0.08,0.0,1,0.08,0.08,0.3059076267389257,11.945283724740804,0.9990163727458103
1,0.08,0.0,2,0.08,0.0,2,0.08,0.08,0.6473012977943275,69.60692855427203,0.7752331528328397
1,0.08,0.0,2,0.08,0.0,5,0.08,0.08,6.868138998610309,347.25872544543734,0.39682385062464587
1,0.08,0.0,2,0.08,0.0,10,0.08,0.08,7.088448867613333,813.9201501008823,0.31292904262719085
1,0.08,0.0,5,0.08,0.0,0.01,0.08,0.08,1.1828658283308142,29.106952044137863,0.8836650739648121
1,0.08,0.0,5,0.08,0.0,0.02,0.08,0.08,5.449948042896571,31.772157245754094,0.9681850202049757
1,0.08,0.0,5,0.08,0.0,0.05,0.08,0.08,1.5658086992759015,57.55893609098605,0.9604715978542286
1,0.08,0.0,5,0.08,0.0,0.1,0.08,0.08,3.58589359680605,30.45899293235766,0.9589095806370727
1,0.08,0.0,5,0.08,0.0,0.2,0.08,0.08,0.25490175332182086,12.788957577775161,0.9598785260657828
1,0.08,0.0,5,0.08,0.0,0.5,0.08,0.08,0.864951107306624,12.0998152516505,0.9733018641239221
1,0.08,0.0,5,0.08,0.0,1,0.08,0.08,0.7700284458546767,19.023926492978994,0.99868284027166
1,0.08,0.0,5,0.08,0.0,2,0.08,0.08,0.9817279742004252,21.37337344170035,0.9307135930457704
1,0.08,0.0,5,0.08,0.0,5,0.08,0.08,0.06583033524715953,29.486555221777202,0.9997017728221742
1,0.08,0.0,5,0.08,0.0,10,0.08,0.08,5.964821306417756,695.1095494424281,0.3287657741838098
1,0.08,0.0,10,0.08,0.0,0.01,0.08,0.08,8.77831336075036,20.18163654931491,0.9893801204977796
1,0.08,0.0,10,0.08,0.0,0.02,0.08,0.08,3.696388747718277,21.252638398932596,0.989217352856323
1,0.08,0.0,10,0.08,0.0,0.05,0.08,0.08,6.127808997705384,19.318359165807465,0.9958416056414078
1,0.08,0.0,10,0.08,0.0,0.1,0.08,0.08,1.9717495098509945,17.72606769802169,0.9979672119016468
1,0.08,0.0,10,0.08,0.0,0.2,0.08,0.08,0.642281748382765,8.47441460462518,0.9449981001791056
1,0.08,0.0,10,0.08,0.0,0.5,0.08,0.08,0.2752237164738823,8.708174992727738,0.948515846016488
1,0.08,0.0,10,0.08,0.0,1,0.08,0.08,2.435672639770032,34.522654985843744,0.9751737642735645
1,0.08,0.0,10,0.08,0.0,2,0.08,0.08,1.0962320348054795,12.662188807700328,0.9968772502453677
1,0.08,0.0,10,0.08,0.0,5,0.08,0.08,0.2676505249529753,14.85274992743303,0.9971162743220973
1,0.08,0.0,10,0.08,0.0,10,0.08,0.08,0.4343260225453192,23.769369595114647,0.9998562100829906
2,0.08,0.0,0.01,0.08,0.0,0.01,0.08,0.08,0.4903138489581616,16.585324905117425,0.5835012779190851
2,0.08,0.0,0.01,0.08,0.0,0.02,0.08,0.08,4.145245156082329,10.603467492933373,0.9999681103791125
2,0.08,0.0,0.01,0.08,0.0,0.05,0.08,0.08,1.0877013160741993,24.09248403594617,0.8881339819241874
2,0.08,0.0,0.01,0.08,0.0,0.1,0.08,0.08,1.590025502686411,15.413962309969952,0.9999309585939413
2,0.08,0.0,0.01,0.08,0.0,0.2,0.08,0.08,0.5135103481308871,22.982903531032907,0.7819132059723867
2,0.08,0.0,0.01,0.08,0.0,0.5,0.08,0.08,0.03391638776590127,20.636580162053342,0.9790586182707673
2,0.08,0.0,0.01,0.08,0.0,1,0.08,0.08,0.4993167089972825,7.868390596647546,0.9745253947708084
2,0.08,0.0,0.01,0.08,0.0,2,0.08,0.08,1.9962374972043126,10.468798946313603,0.9999888022359026
2,0.08,0.0,0.01,0.08,0.0,5,0.08,0.08,0.746424982296455,20.553980228727465,0.9936979070500793
2,0.08,0.0,0.01,0.08,0.0,10,0.08,0.08,1.0498731422590402,34.7474200784613,0.9725953790495144
2,0.08,0.0,0.02,0.08,0.0,0.01,0.08,0.08,0.7620430135140198,23.11516095867787,0.6970928045680952
2,0.08,0.0,0.02,0.08,0.0,0.02,0.08,0.08,0.4491318565074826,26.169721604880237,0.7802478958604202
2,0.08,0.0,0.02,0.08,0.0,0.05,0.08,0.08,0.8260019159667149,9.169600793040384,0.9794550279685835
2,0.08,0.0,0.02,0.08,0.0,0.1,0.08,0.08,4.04246801321481,16.67929336233759,0.9888540732371542
2,0.08,0.0,0.02,0.08,0.0,0.2,0.08,0.08,0.43709395447813093,22.47820915922674,0.9942610652059872
2,0.08,0.0,0.02,0.08,0.0,0.5,0.08,0.08,1.3749571955186022,31.27271042360052,0.9905259714824247
2,0.08,0.0,0.02,0.08,0.0,1,0.08,0.08,0.5351558703098128,20.21982109387733,0.7080297818882465
2,0.08,0.0,0.02,0.08,0.0,2,0.08,0.08,0.2805024020981363,8.535437324217538,0.8203518772254935
2,0.08,0.0,0.02,0.08,0.0,5,0.08,0.08,0.9618045225530423,23.15936641866029,0.9993112992813915
2,0.08,0.0,0.02,0.08,0.0,10,0.08,0.08,1.5683345358592689,446.91754970077454,0.4459444677907771
2,0.08,0.0,0.05,0.08,0.0,0.01,0.08,0.08,0.5751956483107001,16.41867527170516,0.8021174820605821
2,0.08,0.0,0.05,0.08,0.0,0.02,0.08,0.08,0.9637018907205294,34.00545492286563,0.9963113608233797
2,0.08,0.0,0.05,0.08,0.0,0.05,0.08,0.08,0.47377546893760314,22.287303210974915,0.8847956196141994
2,0.08,0.0,0.05,0.08,0.0,0.1,0.08,0.08,1.5235599666215482,90.80081919360225,0.9839050608120385
2,0.08,0.0,0.05,0.08,0.0,0.2,0.08,0.08,0.3352885643464197,15.5494075655882,0.9696022797849431
2,0.08,0.0,0.05,0.08,0.0,0.5,0.08,0.08,11.655327833176491,47.18348176612037,0.9955838533720232
2,0.08,0.0,0.05,0.08,0.0,1,0.08,0.08,2.509201708703814,11.489689132296878,0.9999021016270443
2,0.08,0.0,0.05,0.08,0.0,2,0.08,0.08,0.35844730668192887,44.418314146397464,0.779167880618115
2,0.08,0.0,0.05,0.08,0.0,5,0.08,0.08,0.6210277344142341,33.937452186119806,0.39440246394599654
2,0.08,0.0,0.05,0.08,0.0,10,0.08,0.08,3.0675254520521915,635.2515119142951,0.21772109172204798
2,0.08,0.0,0.1,0.08,0.0,0.01,0.08,0.08,1.9390850993467281,52.49615397555317,0.22692198156870003
2,0.08,0.0,0.1,0.08,0.0,0.02,0.08,0.08,2.169645837871558,25.300551768862636,0.91765634413769
2,0.08,0.0,0.1,0.08,0.0,0.05,0.08,0.08,2.50452472153647,16.65247721342527,0.996465303629862
2,0.08,0.0,0.1,0.08,0.0,0.1,0.08,0.08,1.004834728383162,85.40676807566308,0.9536265950892348
2,0.08,0.0,0.1,0.08,0.0,0.2,0.08,0.08,0.5606542442152338,10.158430505890063,0.977479889104607
2,0.08,0.0,0.1,0.08,0.0,0.5,0.08,0.08,0.3894705459464006,10.180281783026526,0.9999801253542329
2,0.08,0.0,0.1,0.08,0.0,1,0.08,0.08,1.6433867698933984,9.348047272847996,0.9917736276429544
2,0.08,0.0,0.1,0.08,0.0,2,0.08,0.08,0.3465222897311548,12.996105201600372,0.9694716806350189
2,0.08,0.0,0.1,0.08,0.0,5,0.08,0.08,0.3103713288082718,35.94059314785563,0.9909049541891928
2,0.08,0.0,0.1,0.08,0.0,10,0.08,0.08,10.262180373980904,930.6624849913208,0.5599570290202427
2,0.08,0.0,0.2,0.08,0.0,0.01,0.08,0.08,15.836102106480753,139.9285507299642,0.8170019198052033
2,0.08,0.0,0.2,0.08,0.0,0.02,0.08,0.08,3.429675352081655,73.85281702571163,0.9432762784211912
2,0.08,0.0,0.2,0.08,0.0,0.05,0.08,0.08,0.22129267240157455,33.840017523259036,0.8096891245423571
2,0.08,0.0,0.2,0.08,0.0,0.1,0.08,0.08,0.21735584724496118,18.02692053195073,0.9543374529707106
2,0.08,0.0,0.2,0.08,0.0,0.2,0.08,0.08,0.5679121538044594,11.592252576627114,0.8970733738173806
2,0.08,0.0,0.2,0.08,0.0,0.5,0.08,0.08,0.423566531108057,34.69012562833039,0.797641944311326
2,0.08,0.0,0.2,0.08,0.0,1,0.08,0.08,8.277163141549801,16.35305231048781,0.9999935714879934
2,0.08,0.0,0.2,0.08,0.0,2,0.08,0.08,0.5830157958441075,17.860974936421137,0.9975386272194171
2,0.08,0.0,0.2,0.08,0.0,5,0.08,0.08,1.3436425333271724,7.4935505430494755,0.9993520916328312
2,0.08,0.0,0.2,0.08,0.0,10,0.08,0.08,12.530330351824444,1194.075348315632,0.4894986024589331
2,0.08,0.0,0.5,0.08,0.0,0.01,0.08,0.08,4.829318429438122,41.43107969458079,0.6346045216309945
2,0.08,0.0,0.5,0.08,0.0,0.02,0.08,0.08,0.04256317395975038,11.904688250384378,0.8670754743751302
2,0.08,0.0,0.5,0.08,0.0,0.05,0.08,0.08,0.7261055151996049,10.178354455209368,0.9773927220964659
2,0.08,0.0,0.5,0.08,0.0,0.1,0.08,0.08,0.7735486319032497,20.245422395135602,0.9579014407720486
2,0.08,0.0,0.5,0.08,0.0,0.2,0.08,0.08,1.5964976437047909,16.99140040686657,0.9128194323970131
2,0.08,0.0,0.5,0.08,0.0,0.5,0.08,0.08,2.6054002736144684,29.80521572089706,0.8439282795300888
2,0.08,0.0,0.5,0.08,0.0,1,0.08,0.08,1.4795786297973834,35.55779904215573,0.9198964763659995
2,0.08,0.0,0.5,0.08,0.0,2,0.08,0.08,0.4911426012011462,23.92301610708159,0.5096503576948923
2,0.08,0.0,0.5,0.08,0.0,5,0.08,0.08,0.9152684950692429,28.629805673643556,0.8306379105864896
2,0.08,0.0,0.5,0.08,0.0,10,0.08,0.08,19.418994596417615,1022.1932353697761,0.31575491517204607
2,0.08,0.0,1,0.08,0.0,0.01,0.08,0.08,3.413833017473517,32.32350285024563,0.9036087958722371
2,0.08,0.0,1,0.08,0.0,0.02,0.08,0.08,0.2593063592757733,26.40115132868915,0.9432526342917239
2,0.08,0.0,1,0.08,0.0,0.05,0.08,0.08,1.5546970259285562,11.776757659119468,0.9893493814531228
2,0.08,0.0,1,0.08,0.0,0.1,0.08,0.08,0.29004299176786125,4.744947934003575,0.9179509410974954
2,0.08,0.0,1,0.08,0.0,0.2,0.08,0.08,1.201096416076333,13.581094760774445,0.9977402744291546
2,0.08,0.0,1,0.08,0.0,0.5,0.08,0.08,1.5151632409486322,9.002396950715525,0.9995077582029362
2,0.08,0.0,1,0.08,0.0,1,0.08,0.08,0.4885520777326722,61.84676385808668,0.9700343213628408
2,0.08,0.0,1,0.08,0.0,2,0.08,0.08,0.9873075471419241,27.617171107435627,0.9382542692506183
2,0.08,0.0,1,0.08,0.0,5,0.08,0.08,0.7814439139804226,39.756882638719944,0.9092436491063892
2,0.08,0.0,1,0.08,0.0,10,0.08,0.08,1.0671723342053665,28.140519501955072,0.9900716115785939
2,0.08,0.0,2,0.08,0.0,0.01,0.08,0.08,6.85971514800091,75.54838657494903,0.9938564265070244
2,0.08,0.0,2,0.08,0.0,0.02,0.08,0.08,3.400413922617168,84.13842807624859,0.9591729928085143
2,0.08,0.0,2,0.08,0.0,0.05,0.08,0.08,1.1346500530828896,18.566078746046532,0.9670831831061897
2,0.08,0.0,2,0.08,0.0,0.1,0.08,0.08,1.7234494392245805,13.41097315717739,0.9755247363379572
2,0.08,0.0,2,0.08,0.0,0.2,0.08,0.08,0.23942319629544723,6.233919690479621,0.9299550089940092
2,0.08,0.0,2,0.08,0.0,0.5,0.08,0.08,0.8879626882157499,29.21700190375328,0.9994803373183618
2,0.08,0.0,2,0.08,0.0,1,0.08,0.08,0.3151365897394217,8.093425821088886,0.99832485451012
2,0.08,0.0,2,0.08,0.0,2,0.08,0.08,1.593766765652535,89.88797774319738,0.8444420396921701
2,0.08,0.0,2,0.08,0.0,5,0.08,0.08,1.3379319654652548,20.08329593259652,0.9606794285044487
2,0.08,0.0,2,0.08,0.0,10,0.08,0.08,3.211035252976818,184.14828501662882,0.7379350586241239
2,0.08,0.0,5,0.08,0.0,0.01,0.08,0.08,1.199365122989775,41.70596183614422,0.933211637283987
2,0.08,0.0,5,0.08,0.0,0.02,0.08,0.08,3.665451717449546,117.27225689776863,0.5476425642369245
2,0.08,0.0,5,0.08,0.0,0.05,0.08,0.08,1.7439216132741615,75.24569291852316,0.9308226524939242
2,0.08,0.0,5,0.08,0.0,0.1,0.08,0.08,0.10920244059403884,15.415281001594419,0.9651861490597556
2,0.08,0.0,5,0.08,0.0,0.2,0.08,0.08,0.9951494556565704,19.316278000670927,0.9785694332583051
2,0.08,0.0,5,0.08,0.0,0.5,0.08,0.08,9.217843453527827,44.357352009485375,0.9998950995049822
2,0.08,0.0,5,0.08,0.0,1,0.08,0.08,1.4141081814130565,18.15047640406497,0.843942150610585
2,0.08,0.0,5,0.08,0.0,2,0.08,0.08,0.4854687888040537,20.713077462148203,0.9999485741077376
2,0.08,0.0,5,0.08,0.0,5,0.08,0.08,4.405836041942571,412.37542264928214,0.5234758051720143
2,0.08,0.0,5,0.08,0.0,10,0.08,0.08,1.3779043106076796,185.2579151088693,0.8938855244417305
2,0.08,0.0,10,0.08,0.0,0.01,0.08,0.08,2.065804022604696,25.929696103055598,0.9600199857421858
2,0.08,0.0,10,0.08,0.0,0.02,0.08,0.08,8.059609095044422,25.93245487530674,0.9998445867892103
2,0.08,0.0,10,0.08,0.0,0.05,0.08,0.08,2.1024111900164915,19.230987434664865,0.9539268071979825
2,0.08,0.0,10,0.08,0.0,0.1,0.08,0.08,0.9104817408521181,85.22442362500655,0.9196872955844771
2,0.08,0.0,10,0.08,0.0,0.2,0.08,0.08,0.5178461784107461,10.74476494283246,0.9360075690665203
2,0.08,0.0,10,0.08,0.0,0.5,0.08,0.08,0.346460509302379,56.913321876101236,0.8714799819808372
2,0.08,0.0,10,0.08,0.0,1,0.08,0.08,0.8090712911245628,18.60476402551834,0.9486814055152982
2,0.08,0.0,10,0.08,0.0,2,0.08,0.08,1.1900200610953884,9.791397862728534,0.9998693296119497
2,0.08,0.0,10,0.08,0.0,5,0.08,0.08,1.37976561198966,17.92300904940587,0.9995088990259813
2,0.08,0.0,10,0.08,0.0,10,0.08,0.08,0.628156202876767,10.127096747105423,0.9227031355058497
5,0.08,0.0,0.01,0.08,0.0,0.01,0.08,0.08,0.4478277831442892,17.139757159863844,0.9354207520949773
5,0.08,0.0,0.01,0.08,0.0,0.02,0.08,0.08,1.3148350926207986,18.761510205398867,0.6307420136703956
5,0.08,0.0,0.01,0.08,0.0,0.05,0.08,0.08,1.3480401674952374,25.579426224456185,0.9998259684882662
5,0.08,0.0,0.01,0.08,0.0,0.1,0.08,0.08,0.12381417690399016,17.498950317903862,0.727486659693325
5,0.08,0.0,0.01,0.08,0.0,0.2,0.08,0.08,1.0216845798272194,21.75365624704711,0.9901934506304889
5,0.08,0.0,0.01,0.08,0.0,0.5,0.08,0.08,0.3683348192354164,15.985098622300754,0.8827238432297551
5,0.08,0.0,0.01,0.08,0.0,1,0.08,0.08,2.2862052979521175,32.46735550546582,0.9993623161657391
5,0.08,0.0,0.01,0.08,0.0,2,0.08,0.08,0.9494093988372075,33.84916752760663,0.9544446929790308
5,0.08,0.0,0.01,0.08,0.0,5,0.08,0.08,0.6892582361942511,197.05576488091248,0.7539452691037362
5,0.08,0.0,0.01,0.08,0.0,10,0.08,0.08,0.31735309755119967,58.70733840007155,0.9376125986064371
5,0.08,0.0,0.02,0.08,0.0,0.01,0.08,0.08,0.7782344070502903,165.4123040184698,0.45595062586124796
5,0.08,0.0,0.02,0.08,0.0,0.02,0.08,0.08,1.0207350004384008,13.441470432823252,0.9535049601790943
5,0.08,0.0,0.02,0.08,0.0,0.05,0.08,0.08,6.223325906942235,24.161696248229838,0.9944806433125175
5,0.08,0.0,0.02,0.08,0.0,0.1,0.08,0.08,1.0802625774233434,37.622455252792925,0.9588240361425117
5,0.08,0.0,0.02,0.08,0.0,0.2,0.08,0.08,0.6838584210790437,9.680096553877965,0.9138130543013272
5,0.08,0.0,0.02,0.08,0.0,0.5,0.08,0.08,0.29741825978031156,42.05867834664669,0.9235994829150184
5,0.08,0.0,0.02,0.08,0.0,1,0.08,0.08,0.31602182680245944,15.057298180709898,0.8366050796201088
5,0.08,0.0,0.02,0.08,0.0,2,0.08,0.08,5.2358159499227925,277.6396950923752,0.8137400221173848
5,0.08,0.0,0.02,0.08,0.0,5,0.08,0.08,3.5235983237315702,342.33119490205036,0.6574105809991027
5,0.08,0.0,0.02,0.08,0.0,10,0.08,0.08,9.133070973189907,1566.570991118495,0.06411237322298943
5,0.08,0.0,0.05,0.08,0.0,0.01,0.08,0.08,2.538801285362401,47.610899367835415,0.9327773231903677
5,0.08,0.0,0.05,0.08,0.0,0.02,0.08,0.08,2.187105575674599,30.189157878398163,0.8733965157232917
5,0.08,0.0,0.05,0.08,0.0,0.05,0.08,0.08,8.191000784793077,39.381315934091496,0.9950537149516904
5,0.08,0.0,0.05,0.08,0.0,0.1,0.08,0.08,0.2399058213802004,15.34062946477277,0.9677635015720905
5,0.08,0.0,0.05,0.08,0.0,0.2,0.08,0.08,9.399678342564478,115.49032912110167,0.9581076339830207
5,0.08,0.0,0.05,0.08,0.0,0.5,0.08,0.08,5.109140670919727,41.642126392679884,0.9731295266004036
5,0.08,0.0,0.05,0.08,0.0,1,0.08,0.08,0.616891210636399,123.81061347945925,0.9370385625185176
5,0.08,0.0,0.05,0.08,0.0,2,0.08,0.08,1.44281855424795,45.04819503846588,0.4305591523996103
5,0.08,0.0,0.05,0.08,0.0,5,0.08,0.08,0.6258954935587974,32.87826357506133,0.9815344890939717
5,0.08,0.0,0.05,0.08,0.0,10,0.08,0.08,1.8304874408164962,207.70117682754636,0.503426710372758
5,0.08,0.0,0.1,0.08,0.0,0.01,0.08,0.08,4.114510578724146,36.564993687389695,0.9337956171487429
5,0.08,0.0,0.1,0.08,0.0,0.02,0.08,0.08,5.705525214408936,17.15786692891736,0.9979522478641651
5,0.08,0.0,0.1,0.08,0.0,0.05,0.08,0.08,5.031507578892712,30.206398957540852,0.9941598607690918
5,0.08,0.0,0.1,0.08,0.0,0.1,0.08,0.08,0.23916183391052562,15.110313105931525,0.8881551025144933
5,0.08,0.0,0.1,0.08,0.0,0.2,0.08,0.08,1.203987116763299,29.56425562020962,0.9170835346223215
5,0.08,0.0,0.1,0.08,0.0,0.5,0.08,0.08,1.0600012835348707,18.39766548557717,0.9924287722462396
5,0.08,0.0,0.1,0.08,0.0,1,0.08,0.08,2.459610630259689,40.96418833292403,0.9168745627645755
5,0.08,0.0,0.1,0.08,0.0,2,0.08,0.08,1.2221166929828835,141.46870847645414,0.8768825541067222
5,0.08,0.0,0.1,0.08,0.0,5,0.08,0.08,7.271576639854824,655.348748779538,0.4772579334801159
5,0.08,0.0,0.1,0.08,0.0,10,0.08,0.08,16.45658252151054,812.1104481308752,0.5397682057252424
5,0.08,0.0,0.2,0.08,0.0,0.01,0.08,0.08,9.780269386833009,44.121179300243554,0.4832160569744468
5,0.08,0.0,0.2,0.08,0.0,0.02,0.08,0.08,0.8921559434977768,27.74900998935781,0.5467803800666929
5,0.08,0.0,0.2,0.08,0.0,0.05,0.08,0.08,2.138660482181321,30.556253434312868,0.9497429114897232
5,0.08,0.0,0.2,0.08,0.0,0.1,0.08,0.08,1.1625863099900906,20.296257836152943,0.7300957792700516
5,0.08,0.0,0.2,0.08,0.0,0.2,0.08,0.08,0.8010269054014411,53.17167108016107,0.7154682531791593
5,0.08,0.0,0.2,0.08,0.0,0.5,0.08,0.08,3.853259804881215,46.113542483307846,0.9903304072474537
5,0.08,0.0,0.2,0.08,0.0,1,0.08,0.08,4.987783712324585,73.5676952092015,0.9958313873113307
5,0.08,0.0,0.2,0.08,0.0,2,0.08,0.08,0.5597803069780577,110.11010498109408,0.9468633631308675
5,0.08,0.0,0.2,0.08,0.0,5,0.08,0.08,0.9349249809242819,36.54491731697514,0.6911489913524608
5,0.08,0.0,0.2,0.08,0.0,10,0.08,0.08,5.584691235447184,908.3510448741624,0.3687566067542533
5,0.08,0.0,0.5,0.08,0.0,0.01,0.08,0.08,14.329251621596427,446.73317922534414,0.774993592112398
5,0.08,0.0,0.5,0.08,0.0,0.02,0.08,0.08,0.48638518685796717,18.337039164299224,0.7165177739036404
5,0.08,0.0,0.5,0.08,0.0,0.05,0.08,0.08,0.6374442434863226,41.671675149108886,0.999355558014482
5,0.08,0.0,0.5,0.08,0.0,0.1,0.08,0.08,1.0962065895535755,18.65693255508059,0.9883243364801202
5,0.08,0.0,0.5,0.08,0.0,0.2,0.08,0.08,3.255541148558776,86.01090069584981,0.8820201659856383
5,0.08,0.0,0.5,0.08,0.0,0.5,0.08,0.08,2.171249358569461,51.349754997763945,0.8902307252402862
5,0.08,0.0,0.5,0.08,0.0,1,0.08,0.08,1.7851852944464226,22.875745416387254,0.6383501283785381
5,0.08,0.0,0.5,0.08,0.0,2,0.08,0.08,0.4034531185098452,49.190978358851346,0.8993691206004376
5,0.08,0.0,0.5,0.08,0.0,5,0.08,0.08,1.8315997224512013,348.9877409060833,0.5330016955473049
5,0.08,0.0,0.5,0.08,0.0,10,0.08,0.08,5.285916215744306,432.30238211523755,0.32557095672630376
5,0.08,0.0,1,0.08,0.0,0.01,0.08,0.08,2.6176671992494294,47.92355679683699,0.861632690584277
5,0.08,0.0,1,0.08,0.0,0.02,0.08,0.08,2.3271081250679724,22.7022790295893,0.9485795350521291
5,0.08,0.0,1,0.08,0.0,0.05,0.08,0.08,0.794035903119744,12.182134947190615,0.8869134508114168
5,0.08,0.0,1,0.08,0.0,0.1,0.08,0.08,3.0162839874205747,18.432602265747835,0.9515788908418408
5,0.08,0.0,1,0.08,0.0,0.2,0.08,0.08,1.6154239554852803,29.497863164305564,0.9495238442956547
5,0.08,0.0,1,0.08,0.0,0.5,0.08,0.08,2.1105883691690193,29.81472180842555,0.9952458263062436
5,0.08,0.0,1,0.08,0.0,1,0.08,0.08,1.8793295637214937,55.146409542640676,0.6893269113041178
5,0.08,0.0,1,0.08,0.0,2,0.08,0.08,1.0234140168334886,56.18116097475829,0.7390145389411736
5,0.08,0.0,1,0.08,0.0,5,0.08,0.08,0.11279086033419422,62.01395840421026,0.9375879211286728
5,0.08,0.0,1,0.08,0.0,10,0.08,0.08,0.5425143809185637,40.19442481264766,0.9128452522842312
5,0.08,0.0,2,0.08,0.0,0.01,0.08,0.08,1.8682955292570806,63.901291228570855,0.973985943034039
5,0.08,0.0,2,0.08,0.0,0.02,0.08,0.08,0.8154971642249018,20.946046019554554,0.9443948515682483
5,0.08,0.0,2,0.08,0.0,0.05,0.08,0.08,0.6636288432392953,17.766978827700168,0.971319705089197
5,0.08,0.0,2,0.08,0.0,0.1,0.08,0.08,0.5237136849493685,15.421347529303944,0.889503625595821
5,0.08,0.0,2,0.08,0.0,0.2,0.08,0.08,0.8448896619317751,24.729088308115205,0.9721754233200169
5,0.08,0.0,2,0.08,0.0,0.5,0.08,0.08,1.8973891311092685,10.783974175921362,0.999614761912319
5,0.08,0.0,2,0.08,0.0,1,0.08,0.08,1.8501966720178633,57.05067359026335,0.8476340078292224
5,0.08,0.0,2,0.08,0.0,2,0.08,0.08,1.3531298348223397,117.59989512603129,0.8958903003392061
5,0.08,0.0,2,0.08,0.0,5,0.08,0.08,1.4305982069383967,17.894221959369396,0.955135717004019
5,0.08,0.0,2,0.08,0.0,10,0.08,0.08,1.117419826449914,110.1344317214575,0.8851831490676775
5,0.08,0.0,5,0.08,0.0,0.01,0.08,0.08,4.623907094281339,39.225654055833495,0.8555426664334158
5,0.08,0.0,5,0.08,0.0,0.02,0.08,0.08,0.9846749528393297,60.89549384800273,0.9207154351766417
5,0.08,0.0,5,0.08,0.0,0.05,0.08,0.08,1.4437315392376486,28.545905064002,0.9918036975487847
5,0.08,0.0,5,0.08,0.0,0.1,0.08,0.08,0.26581536002643513,21.94140165647672,0.9905850805345403
5,0.08,0.0,5,0.08,0.0,0.2,0.08,0.08,1.8380284410752492,39.06283414474032,0.9965213447032335
5,0.08,0.0,5,0.08,0.0,0.5,0.08,0.08,11.502356953068245,53.75668284137966,0.9991129449469979
5,0.08,0.0,5,0.08,0.0,1,0.08,0.08,1.5952563455157052,21.010697350317095,0.965657118536621
5,0.08,0.0,5,0.08,0.0,2,0.08,0.08,1.9027736490220952,52.609097694835064,0.924088869391095
5,0.08,0.0,5,0.08,0.0,5,0.08,0.08,1.356920931723502,17.35218322227244,0.9994669078348531
5,0.08,0.0,5,0.08,0.0,10,0.08,0.08,1.774959192893202,33.749558816389495,0.6842484740163174
5,0.08,0.0,10,0.08,0.0,0.01,0.08,0.08,1.09663003905811,30.451284997665795,0.9968421039874343
5,0.08,0.0,10,0.08,0.0,0.02,0.08,0.08,4.3137105056295155,27.474572530765748,0.8563924613922822
5,0.08,0.0,10,0.08,0.0,0.05,0.08,0.08,0.6005750613620302,205.10827190940745,0.9610163241162204
5,0.08,0.0,10,0.08,0.0,0.1,0.08,0.08,0.9983203258898463,39.70817034998403,0.9765017079728351
5,0.08,0.0,10,0.08,0.0,0.2,0.08,0.08,2.4198876383526615,99.61003040873689,0.9222911249602332
5,0.08,0.0,10,0.08,0.0,0.5,0.08,0.08,0.6474962939986628,92.65613749519807,0.9249722762349533
5,0.08,0.0,10,0.08,0.0,1,0.08,0.08,0.4610052228833301,20.834640606505047,0.970358965718952
5,0.08,0.0,10,0.08,0.0,2,0.08,0.08,1.0751398110304773,9.128486329477111,0.9999808487002843
5,0.08,0.0,10,0.08,0.0,5,0.08,0.08,3.4614572202908214,12.618808581213548,0.8732272544407285
5,0.08,0.0,10,0.08,0.0,10,0.08,0.08,1.5880229201796625,19.237302499791078,0.966283988050341
10,0.08,0.0,0.01,0.08,0.0,0.01,0.08,0.08,0.9530884858091294,33.38591857096692,0.21279461400000596
10,0.08,0.0,0.01,0.08,0.0,0.02,0.08,0.08,1.5861735155156549,21.301663020043264,0.9879726536227921
10,0.08,0.0,0.01,0.08,0.0,0.05,0.08,0.08,1.0235562188538432,39.30305372428136,0.5225393721995089
10,0.08,0.0,0.01,0.08,0.0,0.1,0.08,0.08,2.5325010471710168,32.010280142845986,0.8320428949270389
10,0.08,0.0,0.01,0.08,0.0,0.2,0.08,0.08,1.9078712874092894,22.297848270384264,0.468623692284292
10,0.08,0.0,0.01,0.08,0.0,0.5,0.08,0.08,4.502280721260575,78.35042759773806,0.9951617368100844
10,0.08,0.0,0.01,0.08,0.0,1,0.08,0.08,1.3815475866730869,33.09236053755004,0.9771411807131111
10,0.08,0.0,0.01,0.08,0.0,2,0.08,0.08,1.5738228054602175,33.84182554553431,0.9999614036789914
10,0.08,0.0,0.01,0.08,0.0,5,0.08,0.08,0.4936263632980139,66.05697701515736,0.8748224584940192
10,0.08,0.0,0.01,0.08,0.0,10,0.08,0.08,0.6492710555725898,47.35096224736982,0.8200143994930889
10,0.08,0.0,0.02,0.08,0.0,0.01,0.08,0.08,0.7148449805661615,54.71096608906646,0.37804316002419336
10,0.08,0.0,0.02,0.08,0.0,0.02,0.08,0.08,2.8425325036056406,42.82205607086711,0.9023505635599625
10,0.08,0.0,0.02,0.08,0.0,0.05,0.08,0.08,4.057914382626901,61.17540318121746,0.3823464447840287
10,0.08,0.0,0.02,0.08,0.0,0.1,0.08,0.08,10.484137967726738,59.74804337083377,0.6179674943259706
10,0.08,0.0,0.02,0.08,0.0,0.2,0.08,0.08,4.845840306201823,37.58295872801843,0.901380873161926
10,0.08,0.0,0.02,0.08,0.0,0.5,0.08,0.08,2.5071310738920527,13.580187504458134,0.6472215995464943
10,0.08,0.0,0.02,0.08,0.0,1,0.08,0.08,3.0702760394951776,136.56006811463573,0.9993889643705975
10,0.08,0.0,0.02,0.08,0.0,2,0.08,0.08,3.8339159631096043,164.50262292092657,0.8628417870382779
10,0.08,0.0,0.02,0.08,0.0,5,0.08,0.08,0.19239832735142454,16.701606854395735,0.6914086431992998
10,0.08,0.0,0.02,0.08,0.0,10,0.08,0.08,1.2205026335940499,306.02095049902516,0.7487004435130659
10,0.08,0.0,0.05,0.08,0.0,0.01,0.08,0.08,1.8681720729528042,49.966290661266996,0.3666953724421652
10,0.08,0.0,0.05,0.08,0.0,0.02,0.08,0.08,6.625416133702293,34.98190248822612,0.9990832387476251
10,0.08,0.0,0.05,0.08,0.0,0.05,0.08,0.08,0.5383678999624943,42.991507688078364,0.5603961390956927
10,0.08,0.0,0.05,0.08,0.0,0.1,0.08,0.08,1.264318013304078,257.3897887813275,0.9494184930892695
10,0.08,0.0,0.05,0.08,0.0,0.2,0.08,0.08,1.1709189841263012,32.782797079631855,0.9959970767491821
10,0.08,0.0,0.05,0.08,0.0,0.5,0.08,0.08,1.0425824105993446,164.58767979615294,0.9528737917793545
10,0.08,0.0,0.05,0.08,0.0,1,0.08,0.08,15.91243066408713,173.2473700620625,0.4925445935530619
10,0.08,0.0,0.05,0.08,0.0,2,0.08,0.08,0.5226491581553656,17.278426526504933,0.9074385611725422
10,0.08,0.0,0.05,0.08,0.0,5,0.08,0.08,0.9860844282365683,125.53476394593538,0.6527143594116677
10,0.08,0.0,0.05,0.08,0.0,10,0.08,0.08,1.3027161719318339,515.9211699523452,0.6701780208897459
10,0.08,0.0,0.1,0.08,0.0,0.01,0.08,0.08,3.7019845478606275,66.52893223528648,0.840366892061597
10,0.08,0.0,0.1,0.08,0.0,0.02,0.08,0.08,11.611398262465936,110.44983385202563,0.9533935018319597
10,0.08,0.0,0.1,0.08,0.0,0.05,0.08,0.08,0.9614046641741489,52.45065130808911,0.587998010770547
10,0.08,0.0,0.1,0.08,0.0,0.1,0.08,0.08,7.459311270496025,94.29241812290542,0.9941763989671226
10,0.08,0.0,0.1,0.08,0.0,0.2,0.08,0.08,2.416991016913797,20.696741065787137,0.9995372215058729
10,0.08,0.0,0.1,0.08,0.0,0.5,0.08,0.08,0.7104229168540562,31.59684618765916,0.9945538999547991
10,0.08,0.0,0.1,0.08,0.0,1,0.08,0.08,6.138819650724728,198.57337060093022,0.9163583940190912
10,0.08,0.0,0.1,0.08,0.0,2,0.08,0.08,16.230977010010122,256.2311771177681,0.8200207497046583
10,0.08,0.0,0.1,0.08,0.0,5,0.08,0.08,21.285803593987662,551.9231025264983,0.812518429175245
10,0.08,0.0,0.1,0.08,0.0,10,0.08,0.08,33.04177110038913,1087.7946186408378,0.3342759331695498
10,0.08,0.0,0.2,0.08,0.0,0.01,0.08,0.08,1.7916547607017954,44.281743964430646,0.9109798459996091
10,0.08,0.0,0.2,0.08,0.0,0.02,0.08,0.08,0.6892668186202143,73.64912346165139,0.5959701038088565
10,0.08,0.0,0.2,0.08,0.0,0.05,0.08,0.08,33.00581948695154,809.5441815707147,0.5625809356363752
10,0.08,0.0,0.2,0.08,0.0,0.1,0.08,0.08,3.190669294243229,102.28156129980236,0.7711265502969181
10,0.08,0.0,0.2,0.08,0.0,0.2,0.08,0.08,8.382355575444404,46.141263059110955,0.9929653539003073
10,0.08,0.0,0.2,0.08,0.0,0.5,0.08,0.08,1.9239564602613375,23.70290473126655,0.9822945267223093
10,0.08,0.0,0.2,0.08,0.0,1,0.08,0.08,1.346294811101837,49.61892218434067,0.9962187786939017
10,0.08,0.0,0.2,0.08,0.0,2,0.08,0.08,1.7168680275781931,139.5246239873781,0.5419381585651484
10,0.08,0.0,0.2,0.08,0.0,5,0.08,0.08,13.812000369574635,365.958618583636,0.4229686806139333
10,0.08,0.0,0.2,0.08,0.0,10,0.08,0.08,13.383296335538118,2164.148883173222,0.02890842189870742
10,0.08,0.0,0.5,0.08,0.0,0.01,0.08,0.08,1.61069740741902,1207.9858976158284,0.921953526669421
10,0.08,0.0,0.5,0.08,0.0,0.02,0.08,0.08,2.04465128855069,41.42096833578471,0.9967093252430597
10,0.08,0.0,0.5,0.08,0.0,0.05,0.08,0.08,0.4944866857735986,43.79346868117243,0.755209419002455
10,0.08,0.0,0.5,0.08,0.0,0.1,0.08,0.08,0.7139446312948882,26.658472665207455,0.766754499894041
10,0.08,0.0,0.5,0.08,0.0,0.2,0.08,0.08,0.42132706528214114,333.9977975025521,0.7244483374463553
10,0.08,0.0,0.5,0.08,0.0,0.5,0.08,0.08,1.0233494296869745,38.205582478521386,0.5145551495146202
10,0.08,0.0,0.5,0.08,0.0,1,0.08,0.08,1.7144683544754578,47.11094433090097,0.8232634501138866
10,0.08,0.0,0.5,0.08,0.0,2,0.08,0.08,0.6588593689768546,82.58204040077266,0.6799210963919299
10,0.08,0.0,0.5,0.08,0.0,5,0.08,0.08,3.4213822881700233,82.92675115414673,0.7573118279021425
10,0.08,0.0,0.5,0.08,0.0,10,0.08,0.08,6.24897845675587,287.93056823703853,0.3397423794523565
10,0.08,0.0,1,0.08,0.0,0.01,0.08,0.08,2.8922137861073027,69.38288000777473,0.6550686706610171
10,0.08,0.0,1,0.08,0.0,0.02,0.08,0.08,2.4920808083020036,98.46571437861678,0.922928299822248
10,0.08,0.0,1,0.08,0.0,0.05,0.08,0.08,2.7085155789874227,71.3014841526297,0.9901578815300813
10,0.08,0.0,1,0.08,0.0,0.1,0.08,0.08,3.3069272800926752,85.94077042178466,0.9079314106604361
10,0.08,0.0,1,0.08,0.0,0.2,0.08,0.08,2.526378063592493,68.6986402277674,0.893620018051863
10,0.08,0.0,1,0.08,0.0,0.5,0.08,0.08,2.536695576485526,195.19317055340784,0.9789114743810707
10,0.08,0.0,1,0.08,0.0,1,0.08,0.08,2.2075186002681377,165.89037502103594,0.9627062050544467
10,0.08,0.0,1,0.08,0.0,2,0.08,0.08,1.564699787744317,87.92052387108657,0.8994828628362299
10,0.08,0.0,1,0.08,0.0,5,0.08,0.08,0.8115006496057273,267.847041889621,0.43809951301614974
10,0.08,0.0,1,0.08,0.0,10,0.08,0.08,2.3465866295021,160.03348199127112,0.7148828922490171
10,0.08,0.0,2,0.08,0.0,0.01,0.08,0.08,1.843732903817271,49.82239003256494,0.9111466670629221
10,0.08,0.0,2,0.08,0.0,0.02,0.08,0.08,0.4789543128432939,29.80654348887657,0.8700576023444347
10,0.08,0.0,2,0.08,0.0,0.05,0.08,0.08,0.7679203125967967,31.175247157126968,0.9091391738963939
10,0.08,0.0,2,0.08,0.0,0.1,0.08,0.08,1.1584000242960109,27.49449317187297,0.9999899686495131
10,0.08,0.0,2,0.08,0.0,0.2,0.08,0.08,1.2018843041358271,25.534008403082527,0.9963978316370409
10,0.08,0.0,2,0.08,0.0,0.5,0.08,0.08,1.771706977615201,37.87333095298813,0.8455105143737569
10,0.08,0.0,2,0.08,0.0,1,0.08,0.08,0.7804758741658647,168.81246944566908,0.9801237300080006
10,0.08,0.0,2,0.08,0.0,2,0.08,0.08,1.839836286871445,178.908157171444,0.6782522612721297
10,0.08,0.0,2,0.08,0.0,5,0.08,0.08,1.679506919969641,331.9496249002091,0.5168058998024959
10,0.08,0.0,2,0.08,0.0,10,0.08,0.08,2.071528837283078,742.7118831013227,0.23411225030399252
10,0.08,0.0,5,0.08,0.0,0.01,0.08,0.08,3.7185433708988325,91.8149354697553,0.804788729018298
10,0.08,0.0,5,0.08,0.0,0.02,0.08,0.08,1.9207924612018725,42.60840221060519,0.863786600269856
10,0.08,0.0,5,0.08,0.0,0.05,0.08,0.08,0.8639943808230531,24.25336628207965,0.980130082974095
10,0.08,0.0,5,0.08,0.0,0.1,0.08,0.08,1.686389745901584,36.6851758800901,0.9944511740769121
10,0.08,0.0,5,0.08,0.0,0.2,0.08,0.08,2.562135737275028,40.51714613055515,0.844557896793187
10,0.08,0.0,5,0.08,0.0,0.5,0.08,0.08,0.09495863010225213,26.586397206767792,0.8388687432479205
10,0.08,0.0,5,0.08,0.0,1,0.08,0.08,0.7061038716862489,34.25933709291387,0.727287575361358
10,0.08,0.0,5,0.08,0.0,2,0.08,0.08,9.509716082764763,107.3094641739309,0.9501083523157949
10,0.08,0.0,5,0.08,0.0,5,0.08,0.08,2.039785303474454,66.37757193471131,0.9220449810910335
10,0.08,0.0,5,0.08,0.0,10,0.08,0.08,1.0265669464026,296.81861510694455,0.49923772421359525
10,0.08,0.0,10,0.08,0.0,0.01,0.08,0.08,35.0111600442738,794.9830427431573,0.8378733729453535
10,0.08,0.0,10,0.08,0.0,0.02,0.08,0.08,9.205275402606793,34.901698630786555,0.6629137978757988
10,0.08,0.0,10,0.08,0.0,0.05,0.08,0.08,0.809414335175149,22.78605767107334,0.9542845005248208
10,0.08,0.0,10,0.08,0.0,0.1,0.08,0.08,1.0231225833676008,104.71268563829828,0.8461072050770878
10,0.08,0.0,10,0.08,0.0,0.2,0.08,0.08,4.72435384254954,16.3262478590495,0.9257363208694249
10,0.08,0.0,10,0.08,0.0,0.5,0.08,0.08,1.2287909131733543,29.971462731643044,0.9660722327251111
10,0.08,0.0,10,0.08,0.0,1,0.08,0.08,3.8334952429961495,18.18237979966476,0.9899207868760705
10,0.08,0.0,10,0.08,0.0,2,0.08,0.08,0.8103548096122293,14.191886561204218,0.29649786933208744
10,0.08,0.0,10,0.08,0.0,5,0.08,0.08,0.1657373974252538,16.07606539432081,0.9912390398791743
10,0.08,0.0,10,0.08,0.0,10,0.08,0.08,0.4062228616005432,16.370452327910296,0.4068091434904497
