0.01,0.08,0.0,0.01,0.08,0.0,0.01,0.08,0.08,0.9295895223523024,21.397725173208748,0.34886388198219054
0.01,0.08,0.0,0.01,0.08,0.0,0.02,0.08,0.08,4.9537834355122286,22.168668650744316,0.9999163236335136
0.01,0.08,0.0,0.01,0.08,0.0,0.05,0.08,0.08,2.1595027698440226,27.26622642316238,0.9997223599606715
0.01,0.08,0.0,0.01,0.08,0.0,0.1,0.08,0.08,0.3557310515845255,24.71237485376891,0.9744042003600075
0.01,0.08,0.0,0.01,0.08,0.0,0.2,0.08,0.08,2.7320854849135774,23.238958645596295,0.9915857691910414
0.01,0.08,0.0,0.01,0.08,0.0,0.5,0.08,0.08,3.7461056804066906,86.884451661353,0.8697123738457873
0.01,0.08,0.0,0.01,0.08,0.0,1,0.08,0.08,7.245438268370575,503.34909365824416,0.34064397724168566
0.01,0.08,0.0,0.01,0.08,0.0,2,0.08,0.08,4.259343405368243,427.0806486761706,0.8730763128905232
0.01,0.08,0.0,0.01,0.08,0.0,5,0.08,0.08,0.5636543197931577,248.29580200698214,0.99452526052343
0.01,0.08,0.0,0.01,0.08,0.0,10,0.08,0.08,6.018900749021059,660.3978357042444,0.9790995520223761
0.01,0.08,0.0,0.02,0.08,0.0,0.01,0.08,0.08,5.151010632372675,36.97250076117449,0.9094018468574571
0.01,0.08,0.0,0.02,0.08,0.0,0.02,0.08,0.08,3.303668973641738,16.85327481209695,0.9994945243383402
0.01,0.08,0.0,0.02,0.08,0.0,0.05,0.08,0.08,5.499003396725382,27.69941707757003,0.9995032442439912
0.01,0.08,0.0,0.02,0.08,0.0,0.1,0.08,0.08,9.310005460427718,32.76703488756707,0.9999990904676567
0.01,0.08,0.0,0.02,0.08,0.0,0.2,0.08,0.08,1.0805756604012235,15.315248454242356,0.9950079526102279
0.01,0.08,0.0,0.02,0.08,0.0,0.5,0.08,0.08,0.8162327261442766,36.113499738853164,0.9796467145146313
0.01,0.08,0.0,0.02,0.08,0.0,1,0.08,0.08,6.576342895334375,273.64065182604463,0.9869436820298981
0.01,0.08,0.0,0.02,0.08,0.0,2,0.08,0.08,1.3909504747931358,361.2844043714149,0.8440853017607739
0.01,0.08,0.0,0.02,0.08,0.0,5,0.08,0.08,2.4736722863860297,47.48531085750126,0.7384446364819355
0.01,0.08,0.0,0.02,0.08,0.0,10,0.08,0.08,9.145481766517594,476.404843315374,0.9512757811174689
0.01,0.08,0.0,0.05,0.08,0.0,0.01,0.08,0.08,4.281718304687696,16.375635303446618,0.9997718735711201
0.01,0.08,0.0,0.05,0.08,0.0,0.02,0.08,0.08,2.145119203049188,44.72971869638905,0.9980769067105625
0.01,0.08,0.0,0.05,0.08,0.0,0.05,0.08,0.08,0.8224981143957056,2.865219887746428,0.9989543506353802
0.01,0.08,0.0,0.05,0.08,0.0,0.1,0.08,0.08,0.48222249536264733,23.33384345040476,0.9996952793540971
0.01,0.08,0.0,0.05,0.08,0.0,0.2,0.08,0.08,0.6510448320300413,65.28244901934008,0.9849996301591456
0.01,0.08,0.0,0.05,0.08,0.0,0.5,0.08,0.08,4.285057664717711,299.0387379273484,0.6485395600413123
0.01,0.08,0.0,0.05,0.08,0.0,1,0.08,0.08,23.604755012529598,242.695777817212,0.9507725582426898
0.01,0.08,0.0,0.05,0.08,0.0,2,0.08,0.08,6.549755360762706,131.15947585832478,0.9886371480047143
0.01,0.08,0.0,0.05,0.08,0.0,5,0.08,0.08,46.03798120918803,499.65154926068783,0.7713560589156027
0.01,0.08,0.0,0.05,0.08,0.0,10,0.08,0.08,19.343593286786106,754.4156670629984,0.7021150997105667
0.01,0.08,0.0,0.1,0.08,0.0,0.01,0.08,0.08,11.046547098311365,69.68667676661342,0.32193250154562686
0.01,0.08,0.0,0.1,0.08,0.0,0.02,0.08,0.08,0.8932144159682321,19.77774281224519,0.9920382360105772
0.01,0.08,0.0,0.1,0.08,0.0,0.05,0.08,0.08,5.6772215718603505,29.420468032319082,0.9998620956947458
0.01,0.08,0.0,0.1,0.08,0.0,0.1,0.08,0.08,4.341593913502827,22.63587025083789,0.9999536430041016
0.01,0.08,0.0,0.1,0.08,0.0,0.2,0.08,0.08,0.8937589809973739,34.543669077400146,0.7344978905115753
0.01,0.08,0.0,0.1,0.08,0.0,0.5,0.08,0.08,3.352148373740063,121.40783169765953,0.7967694361301217
0.01,0.08,0.0,0.1,0.08,0.0,1,0.08,0.08,1.660472306445574,197.0278332784212,0.9412625233957325
0.01,0.08,0.0,0.1,0.08,0.0,2,0.08,0.08,46.50159733163531,2175.1981026461845,0.5973675092182793
0.01,0.08,0.0,0.1,0.08,0.0,5,0.08,0.08,1.7097287658682796,14.283158806478019,0.9999578986925104
0.01,0.08,0.0,0.1,0.08,0.0,10,0.08,0.08,5.327938760236303,80.63346665099368,0.9995514455352893
0.01,0.08,0.0,0.2,0.08,0.0,0.01,0.08,0.08,2.5859032276265905,91.48694801174597,0.9999870514283925
0.01,0.08,0.0,0.2,0.08,0.0,0.02,0.08,0.08,1.0304636063500194,10.80241565598358,0.996451319283285
0.01,0.08,0.0,0.2,0.08,0.0,0.05,0.08,0.08,2.5197198055552565,14.000789820399765,0.9989270075427729
0.01,0.08,0.0,0.2,0.08,0.0,0.1,0.08,0.08,3.690372233946874,7.8988376450773385,0.9999925018026457
0.01,0.08,0.0,0.2,0.08,0.0,0.2,0.08,0.08,1.2909119555687805,9.886907502477834,0.9998178393382336
0.01,0.08,0.0,0.2,0.08,0.0,0.5,0.08,0.08,4.702732736964885,33.19252795757966,0.9999749371808324
0.01,0.08,0.0,0.2,0.08,0.0,1,0.08,0.08,0.19968082795601166,16.969967307072533,0.9998879752675499
0.01,0.08,0.0,0.2,0.08,0.0,2,0.08,0.08,0.8377829969469507,24.73363949678362,0.9999991866395107
0.01,0.08,0.0,0.2,0.08,0.0,5,0.08,0.08,1.3511222385180608,24.782436800518337,0.9999940264248681
0.01,0.08,0.0,0.2,0.08,0.0,10,0.08,0.08,1.942471725400816,89.38061456478276,0.9999945348940701
0.01,0.08,0.0,0.5,0.08,0.0,0.01,0.08,0.08,3.4597267091466195,141.17707415440447,0.9999447618544111
0.01,0.08,0.0,0.5,0.08,0.0,0.02,0.08,0.08,15.608110226047291,102.7145154631183,0.9998756701326612
0.01,0.08,0.0,0.5,0.08,0.0,0.05,0.08,0.08,5.237543971669253,29.321741226385644,0.9982445606450623
0.01,0.08,0.0,0.5,0.08,0.0,0.1,0.08,0.08,7.114886502636138,20.02121012137612,0.9999997071597964
0.01,0.08,0.0,0.5,0.08,0.0,0.2,0.08,0.08,4.042426278955264,20.429083628475553,0.9969491873379126
0.01,0.08,0.0,0.5,0.08,0.0,0.5,0.08,0.08,3.4169910679208644,383.4725214161605,0.6554593892551868
0.01,0.08,0.0,0.5,0.08,0.0,1,0.08,0.08,14.59869223951292,132.4457818788108,0.9563162991333262
0.01,0.08,0.0,0.5,0.08,0.0,2,0.08,0.08,3.196677908054501,107.7971982521436,0.9869711567722348
0.01,0.08,0.0,0.5,0.08,0.0,5,0.08,0.08,19.87437675157335,2601.8709758327263,0.4170293728203446
0.01,0.08,0.0,0.5,0.08,0.0,10,0.08,0.08,51.017771361221605,1900.0108313869732,0.9928489906319532
0.01,0.08,0.0,1,0.08,0.0,0.01,0.08,0.08,6.100099247565156,50.118388445468696,0.9999836948718397
0.01,0.08,0.0,1,0.08,0.0,0.02,0.08,0.08,3.424424805394639,38.32673234117718,0.999746506580753
0.01,0.08,0.0,1,0.08,0.0,0.05,0.08,0.08,27.236831882531757,102.65689692670985,0.9926108640397387
0.01,0.08,0.0,1,0.08,0.0,0.1,0.08,0.08,5.47807854390642,37.86998023733995,0.9981361977420621
0.01,0.08,0.0,1,0.08,0.0,0.2,0.08,0.08,12.24458570837804,23.814650270280232,0.9967757349662723
0.01,0.08,0.0,1,0.08,0.0,0.5,0.08,0.08,1.4813888957501233,170.94975937647433,0.8348823243026949
0.01,0.08,0.0,1,0.08,0.0,1,0.08,0.08,26.84035393838424,99.17886481044815,0.9996437505817668
0.01,0.08,0.0,1,0.08,0.0,2,0.08,0.08,1.4207179582024407,37.144878459752746,0.9997832269995289
0.01,0.08,0.0,1,0.08,0.0,5,0.08,0.08,18.858149670835076,604.0601419072374,0.9976227999532843
0.01,0.08,0.0,1,0.08,0.0,10,0.08,0.08,44.731070921591325,4400.852440076897,0.41831438176296476
0.01,0.08,0.0,2,0.08,0.0,0.01,0.08,0.08,3.252829380624696,7.63965954943213,0.9940705472700705
0.01,0.08,0.0,2,0.08,0.0,0.02,0.08,0.08,0.497162419708785,10.880127460926175,0.9997795504005599
0.01,0.08,0.0,2,0.08,0.0,0.05,0.08,0.08,0.8193640910811103,7.7159443894370785,0.9986844118646
0.01,0.08,0.0,2,0.08,0.0,0.1,0.08,0.08,8.29624466285616,62.236834017086736,0.9995586100845946
0.01,0.08,0.0,2,0.08,0.0,0.2,0.08,0.08,5.97761866012453,24.690115159276562,0.9996249150122657
0.01,0.08,0.0,2,0.08,0.0,0.5,0.08,0.08,0.3183246434524494,30.47758456909417,0.9996880187679804
0.01,0.08,0.0,2,0.08,0.0,1,0.08,0.08,2.192012011648144,409.4315977064006,0.6825468816982414
0.01,0.08,0.0,2,0.08,0.0,2,0.08,0.08,11.310671224758183,550.2341811040247,0.42855268961157905
0.01,0.08,0.0,2,0.08,0.0,5,0.08,0.08,5.559721538994297,278.3732956329565,0.9944738741533439
0.01,0.08,0.0,2,0.08,0.0,10,0.08,0.08,22.337701509301887,1433.589447966513,0.8644759281189763
0.01,0.08,0.0,5,0.08,0.0,0.01,0.08,0.08,3.5930022481191313,98.9505066617702,0.5799435765488213
0.01,0.08,0.0,5,0.08,0.0,0.02,0.08,0.08,0.7152348833778208,23.807282071931347,0.9952130547386675
0.01,0.08,0.0,5,0.08,0.0,0.05,0.08,0.08,2.264586796386175,11.93998676069079,0.9998179210165925
0.01,0.08,0.0,5,0.08,0.0,0.1,0.08,0.08,2.4586894146761384,8.048589277605037,0.9991340715872365
0.01,0.08,0.0,5,0.08,0.0,0.2,0.08,0.08,6.156872513283633,50.8047357702227,0.99234703677029
0.01,0.08,0.0,5,0.08,0.0,0.5,0.08,0.08,2.47930068348089,21.691311337389344,0.999981792656807
0.01,0.08,0.0,5,0.08,0.0,1,0.08,0.08,2.952077215777182,26.78399277030679,0.9998261141680221
0.01,0.08,0.0,5,0.08,0.0,2,0.08,0.08,8.418747805393446,36.23358496256399,0.9999510504407534
0.01,0.08,0.0,5,0.08,0.0,5,0.08,0.08,0.6271638520485978,57.21987976847189,0.9999813876075385
0.01,0.08,0.0,5,0.08,0.0,10,0.08,0.08,8.222714046155195,680.3264060560417,0.9802394897776403
0.01,0.08,0.0,10,0.08,0.0,0.01,0.08,0.08,5.9095985059332365,62.367569512338854,0.9998084448409585
0.01,0.08,0.0,10,0.08,0.0,0.02,0.08,0.08,0.9102152790419012,21.784231238026482,0.8444826182568892
0.01,0.08,0.0,10,0.08,0.0,0.05,0.08,0.08,6.187503449374813,19.76355410868709,0.9999846324336784
0.01,0.08,0.0,10,0.08,0.0,0.1,0.08,0.08,6.104412070002505,21.69648478000176,0.9995740091106275
0.01,0.08,0.0,10,0.08,0.0,0.2,0.08,0.08,1.4860314734653977,100.42352827703446,0.9406341239641066
0.01,0.08,0.0,10,0.08,0.0,0.5,0.08,0.08,1.265634764446573,16.186300828610147,0.9864808299513893
0.01,0.08,0.0,10,0.08,0.0,1,0.08,0.08,5.943076414672003,16.019967923571265,0.9999323298701308
0.01,0.08,0.0,10,0.08,0.0,2,0.08,0.08,1.2650740705505052,29.169542067200336,0.9999953901894354
0.01,0.08,0.0,10,0.08,0.0,5,0.08,0.08,3.191451602569869,410.24668771931886,0.9960935551298601
0.01,0.08,0.0,10,0.08,0.0,10,0.08,0.08,17.361849305863238,3515.6010454469424,0.7336262678549943
0.02,0.08,0.0,0.01,0.08,0.0,0.01,0.08,0.08,39.3268290198838,591.2175174469618,0.6632040249108276
0.02,0.08,0.0,0.01,0.08,0.0,0.02,0.08,0.08,25.639383425456522,211.5967480661584,0.8631490514707268
0.02,0.08,0.0,0.01,0.08,0.0,0.05,0.08,0.08,9.770292485509326,234.88614448476181,0.8038855586880491
0.02,0.08,0.0,0.01,0.08,0.0,0.1,0.08,0.08,153.21517458556494,744.5588181537732,0.9725010975162692
0.02,0.08,0.0,0.01,0.08,0.0,0.2,0.08,0.08,9.96921066827643,28.87070925934637,0.994472273373436
0.02,0.08,0.0,0.01,0.08,0.0,0.5,0.08,0.08,2.3897749026937287,26.234089930508834,0.9978389948214709
0.02,0.08,0.0,0.01,0.08,0.0,1,0.08,0.08,0.5541984309579754,53.629183875307675,0.9716367156442393
0.02,0.08,0.0,0.01,0.08,0.0,2,0.08,0.08,0.40299591302005855,18.21091697948642,0.9999817664458718
0.02,0.08,0.0,0.01,0.08,0.0,5,0.08,0.08,3.414758404932546,187.69169625324736,0.9661480649041047
0.02,0.08,0.0,0.01,0.08,0.0,10,0.08,0.08,43.52655688899016,2064.0113461705096,0.9112565867467559
0.02,0.08,0.0,0.02,0.08,0.0,0.01,0.08,0.08,5.8999482381828745,66.0716899457873,0.8998762363031682
0.02,0.08,0.0,0.02,0.08,0.0,0.02,0.08,0.08,7.408004463906352,27.305851715933564,0.9875260765585453
0.02,0.08,0.0,0.02,0.08,0.0,0.05,0.08,0.08,3.1346651759312834,12.772748380628876,0.9995794754434529
0.02,0.08,0.0,0.02,0.08,0.0,0.1,0.08,0.08,7.427615711555623,17.364592670929014,0.9999784448080072
0.02,0.08,0.0,0.02,0.08,0.0,0.2,0.08,0.08,10.108438756170035,33.254025473759626,0.9998690095000339
0.02,0.08,0.0,0.02,0.08,0.0,0.5,0.08,0.08,4.978064230077324,152.1020148381659,0.26667937360521543
0.02,0.08,0.0,0.02,0.08,0.0,1,0.08,0.08,0.35421001570227095,67.82335763967897,0.9809673265990112
0.02,0.08,0.0,0.02,0.08,0.0,2,0.08,0.08,3.328574375718889,38.27545630572674,0.9121207787178638
0.02,0.08,0.0,0.02,0.08,0.0,5,0.08,0.08,6.900102692896009,330.75477279547795,0.5789322191194161
0.02,0.08,0.0,0.02,0.08,0.0,10,0.08,0.08,51.145444154155776,5366.1086037875075,0.5936264486208871
0.02,0.08,0.0,0.05,0.08,0.0,0.01,0.08,0.08,5.126548351785013,65.88101806753328,0.9271698074245244
0.02,0.08,0.0,0.05,0.08,0.0,0.02,0.08,0.08,68.31370573601012,170.74445257558153,0.4901986853555831
0.02,0.08,0.0,0.05,0.08,0.0,0.05,0.08,0.08,0.6281530632226888,58.50629940022922,0.8439432843530342
0.02,0.08,0.0,0.05,0.08,0.0,0.1,0.08,0.08,0.9522093480109862,4.295172139102351,0.9950142135924123
0.02,0.08,0.0,0.05,0.08,0.0,0.2,0.08,0.08,3.455661312544247,28.905842181866763,0.9928804625941391
0.02,0.08,0.0,0.05,0.08,0.0,0.5,0.08,0.08,4.028361828426892,27.089419310159393,0.9990227082306969
0.02,0.08,0.0,0.05,0.08,0.0,1,0.08,0.08,11.684641789071645,637.833703762918,0.8151630968785026
0.02,0.08,0.0,0.05,0.08,0.0,2,0.08,0.08,0.7716565886266092,528.7132161633715,0.8306726123373465
0.02,0.08,0.0,0.05,0.08,0.0,5,0.08,0.08,10.348578221722294,471.0760854007017,0.7687545364979831
0.02,0.08,0.0,0.05,0.08,0.0,10,0.08,0.08,37.83932279308777,4181.927854621315,0.5905487216716716
0.02,0.08,0.0,0.1,0.08,0.0,0.01,0.08,0.08,0.35454874723861424,19.56830056548174,0.9645373228048855
0.02,0.08,0.0,0.1,0.08,0.0,0.02,0.08,0.08,4.218797278506994,29.192037365119926,0.9989919474665013
0.02,0.08,0.0,0.1,0.08,0.0,0.05,0.08,0.08,4.368106877644413,22.42074050874886,0.9995683372286773
0.02,0.08,0.0,0.1,0.08,0.0,0.1,0.08,0.08,0.3387887161981731,45.415849538326384,0.956443991134073
0.02,0.08,0.0,0.1,0.08,0.0,0.2,0.08,0.08,0.49061828679205927,87.09224500450841,0.9532783999686472
0.02,0.08,0.0,0.1,0.08,0.0,0.5,0.08,0.08,4.747421775737412,100.85794391399538,0.9611244644502671
0.02,0.08,0.0,0.1,0.08,0.0,1,0.08,0.08,12.811376939627106,885.8443527648026,0.3572674664668061
0.02,0.08,0.0,0.1,0.08,0.0,2,0.08,0.08,0.9154895411594396,17.828822985700253,0.999989177739275
0.02,0.08,0.0,0.1,0.08,0.0,5,0.08,0.08,2.405136609910585,102.98874642766643,0.9999197626724763
0.02,0.08,0.0,0.1,0.08,0.0,10,0.08,0.08,0.1673603020591718,55.78507379834432,0.9999942786928471
0.02,0.08,0.0,0.2,0.08,0.0,0.01,0.08,0.08,0.7053200543929792,57.923575891051186,0.9608984131135208
0.02,0.08,0.0,0.2,0.08,0.0,0.02,0.08,0.08,0.6224338887927963,13.511554550713736,0.9985918833124979
0.02,0.08,0.0,0.2,0.08,0.0,0.05,0.08,0.08,2.8736943718449672,9.011599311558978,0.9999935797524044
0.02,0.08,0.0,0.2,0.08,0.0,0.1,0.08,0.08,2.5687748339577405,9.359420272887792,0.9997794953457245
0.02,0.08,0.0,0.2,0.08,0.0,0.2,0.08,0.08,5.939725886648358,37.6839841582834,0.9999408513791965
0.02,0.08,0.0,0.2,0.08,0.0,0.5,0.08,0.08,2.227768903682484,23.745559054597226,0.9999530933580763
0.02,0.08,0.0,0.2,0.08,0.0,1,0.08,0.08,3.9215598666953975,30.268887514825234,0.9999990314751788
0.02,0.08,0.0,0.2,0.08,0.0,2,0.08,0.08,0.977905291127882,27.518780181390333,0.9999798028371134
0.02,0.08,0.0,0.2,0.08,0.0,5,0.08,0.08,0.3328582219222244,51.7253049921531,0.9999972802950052
0.02,0.08,0.0,0.2,0.08,0.0,10,0.08,0.08,8.263836656550568,1105.1272653971737,0.9851267686075568
0.02,0.08,0.0,0.5,0.08,0.0,0.01,0.08,0.08,60.76902862017182,746.4651421981283,0.9902002503835304
0.02,0.08,0.0,0.5,0.08,0.0,0.02,0.08,0.08,2.706636510476328,31.082209844014823,0.9973035258976477
0.02,0.08,0.0,0.5,0.08,0.0,0.05,0.08,0.08,5.178679171479581,20.14912692488917,0.9999996604560877
0.02,0.08,0.0,0.5,0.08,0.0,0.1,0.08,0.08,3.9403325222716368,21.155492831853657,0.999958805498527
0.02,0.08,0.0,0.5,0.08,0.0,0.2,0.08,0.08,26.276064543448506,87.1854835548551,0.9986868391784258
0.02,0.08,0.0,0.5,0.08,0.0,0.5,0.08,0.08,2.34929753072557,30.992167714264433,0.9966844412613081
0.02,0.08,0.0,0.5,0.08,0.0,1,0.08,0.08,2.8063837429984066,14.799821070012717,0.9999898908183558
0.02,0.08,0.0,0.5,0.08,0.0,2,0.08,0.08,16.917526241340894,1180.9231232876002,0.6169135951337056
0.02,0.08,0.0,0.5,0.08,0.0,5,0.08,0.08,30.691313464661015,2724.4443911471976,0.66961671719144
0.02,0.08,0.0,0.5,0.08,0.0,10,0.08,0.08,59.58108993006601,1054.8065584815795,0.8889239397584904
0.02,0.08,0.0,1,0.08,0.0,0.01,0.08,0.08,16.734665771940236,111.80600907669802,0.7682082330820635
0.02,0.08,0.0,1,0.08,0.0,0.02,0.08,0.08,7.73709953094194,237.99746579888242,0.6356056081450263
0.02,0.08,0.0,1,0.08,0.0,0.05,0.08,0.08,7.427204778468112,52.86927726263904,0.9994191398185843
0.02,0.08,0.0,1,0.08,0.0,0.1,0.08,0.08,7.192377462686205,46.43174871534486,0.9511782196265511
0.02,0.08,0.0,1,0.08,0.0,0.2,0.08,0.08,0.884939798012748,63.96203184090624,0.9848370997490757
0.02,0.08,0.0,1,0.08,0.0,0.5,0.08,0.08,2.4138217561237694,5.5115636588669,0.9999969001788523
0.02,0.08,0.0,1,0.08,0.0,1,0.08,0.08,4.831010427407042,30.954008902651516,0.9999903092399564
0.02,0.08,0.0,1,0.08,0.0,2,0.08,0.08,4.761779478352861,36.44434158403728,0.9999999795681653
0.02,0.08,0.0,1,0.08,0.0,5,0.08,0.08,38.28893441809727,1650.0044561008363,0.6246826600822852
0.02,0.08,0.0,1,0.08,0.0,10,0.08,0.08,14.365222931763903,762.3625638329655,0.9852299898319683
0.02,0.08,0.0,2,0.08,0.0,0.01,0.08,0.08,1.2587056409315662,26.025788937874136,0.999584154370746
0.02,0.08,0.0,2,0.08,0.0,0.02,0.08,0.08,3.3671200257256566,35.05562858698208,0.9955478256130929
0.02,0.08,0.0,2,0.08,0.0,0.05,0.08,0.08,4.2499098385420915,43.18520060599178,0.5055144929274847
0.02,0.08,0.0,2,0.08,0.0,0.1,0.08,0.08,1.9962787714393697,25.106602229259526,0.9989029526927558
0.02,0.08,0.0,2,0.08,0.0,0.2,0.08,0.08,2.3287925716294224,27.04916253640065,0.9990505080977267
0.02,0.08,0.0,2,0.08,0.0,0.5,0.08,0.08,0.48602486238579456,191.08004382123846,0.7203416319838865
0.02,0.08,0.0,2,0.08,0.0,1,0.08,0.08,5.603456023720806,390.5004378749504,0.7667660689985716
0.02,0.08,0.0,2,0.08,0.0,2,0.08,0.08,0.7366704267903207,36.39142979795675,0.9999938175211742
0.02,0.08,0.0,2,0.08,0.0,5,0.08,0.08,17.797139483547184,82.38731800948165,0.9999890392886929
0.02,0.08,0.0,2,0.08,0.0,10,0.08,0.08,39.467335198637755,6923.263475723674,0.40340970487989114
0.02,0.08,0.0,5,0.08,0.0,0.01,0.08,0.08,1.3088538990549876,9.077753700149557,0.9998281908709206
0.02,0.08,0.0,5,0.08,0.0,0.02,0.08,0.08,2.3351616252917387,11.890238499421379,0.9998487154709699
0.02,0.08,0.0,5,0.08,0.0,0.05,0.08,0.08,1.5637628693234327,8.7674656491505,0.998631585768477
0.02,0.08,0.0,5,0.08,0.0,0.1,0.08,0.08,16.696237917779136,65.73560953473525,0.983908667322795
0.02,0.08,0.0,5,0.08,0.0,0.2,0.08,0.08,5.805718233070632,24.065263401428844,0.9995768147732171
0.02,0.08,0.0,5,0.08,0.0,0.5,0.08,0.08,0.347034199203814,26.340212060630325,0.9996007235331533
0.02,0.08,0.0,5,0.08,0.0,1,0.08,0.08,5.7094233409854755,20.816455025900034,0.9999717346021797
0.02,0.08,0.0,5,0.08,0.0,2,0.08,0.08,0.7170907343895216,11.492047135472822,0.9999869331320628
0.02,0.08,0.0,5,0.08,0.0,5,0.08,0.08,2.8784567601554563,31.334276920310856,0.9999798258219966
0.02,0.08,0.0,5,0.08,0.0,10,0.08,0.08,3.4745134794691097,146.9570787370451,0.9999930234751445
0.02,0.08,0.0,10,0.08,0.0,0.01,0.08,0.08,6.355398887997913,43.14309092620929,0.9999808569542099
0.02,0.08,0.0,10,0.08,0.0,0.02,0.08,0.08,6.127003607809898,20.570023899984918,0.9999803929245729
0.02,0.08,0.0,10,0.08,0.0,0.05,0.08,0.08,2.4036208927606446,18.916247014418794,0.9988703394939437
0.02,0.08,0.0,10,0.08,0.0,0.1,0.08,0.08,1.2316238100595804,17.507597824825005,0.997981510692326
0.02,0.08,0.0,10,0.08,0.0,0.2,0.08,0.08,1.062235046006342,14.459069207486545,0.9797362051158678
0.02,0.08,0.0,10,0.08,0.0,0.5,0.08,0.08,5.8047092416238595,19.663477985452243,0.9998848889477705
0.02,0.08,0.0,10,0.08,0.0,1,0.08,0.08,5.812833109658404,319.2754663488696,0.8877214948277633
0.02,0.08,0.0,10,0.08,0.0,2,0.08,0.08,0.2637541932638039,13.43126083332523,0.9999575429107217
0.02,0.08,0.0,10,0.08,0.0,5,0.08,0.08,30.60614096862239,1316.5220636067784,0.33469969419039813
0.02,0.08,0.0,10,0.08,0.0,10,0.08,0.08,72.2079995524494,4938.016938693828,0.23764153493294168
0.05,0.08,0.0,0.01,0.08,0.0,0.01,0.08,0.08,6.0330001793264785,118.67998038983406,0.4159014780359876
0.05,0.08,0.0,0.01,0.08,0.0,0.02,0.08,0.08,22.790349818975393,197.45503218251739,0.3453973521505276
0.05,0.08,0.0,0.01,0.08,0.0,0.05,0.08,0.08,9.302847863104011,133.6967726791797,0.9153190960927298
0.05,0.08,0.0,0.01,0.08,0.0,0.1,0.08,0.08,3.7036855810981746,53.86233262830336,0.9938020107621672
0.05,0.08,0.0,0.01,0.08,0.0,0.2,0.08,0.08,1.7833270636941372,21.246766000627808,0.9986493403115559
0.05,0.08,0.0,0.01,0.08,0.0,0.5,0.08,0.08,1.1102710641055038,11.214900850323541,0.9970299323894484
0.05,0.08,0.0,0.01,0.08,0.0,1,0.08,0.08,0.538313171790107,9.005111765324921,0.9999165417557067
0.05,0.08,0.0,0.01,0.08,0.0,2,0.08,0.08,2.1395441021409063,35.01290397469875,0.9877777574243916
0.05,0.08,0.0,0.01,0.08,0.0,5,0.08,0.08,12.02377690739044,777.3210908299209,0.9415206752714541
0.05,0.08,0.0,0.01,0.08,0.0,10,0.08,0.08,28.74594465288968,1564.178243268193,0.3422118162904535
0.05,0.08,0.0,0.02,0.08,0.0,0.01,0.08,0.08,1.9145239613136864,31.28014316768222,0.8758528349152572
0.05,0.08,0.0,0.02,0.08,0.0,0.02,0.08,0.08,3.1912615676497933,12.962094981425064,0.9989679360920009
0.05,0.08,0.0,0.02,0.08,0.0,0.05,0.08,0.08,7.164250346833593,44.53673810879127,0.9971076431309661
0.05,0.08,0.0,0.02,0.08,0.0,0.1,0.08,0.08,6.885163165409999,62.21941678037003,0.9993442194873359
0.05,0.08,0.0,0.02,0.08,0.0,0.2,0.08,0.08,5.225200144684671,36.16497377213275,0.9998648898478892
0.05,0.08,0.0,0.02,0.08,0.0,0.5,0.08,0.08,4.203135720725394,35.449064054120335,0.998103424447632
0.05,0.08,0.0,0.02,0.08,0.0,1,0.08,0.08,0.1350794222494827,19.16845064269183,0.9837947663612866
0.05,0.08,0.0,0.02,0.08,0.0,2,0.08,0.08,5.891623399861785,101.84058400858501,0.9900199906515027
0.05,0.08,0.0,0.02,0.08,0.0,5,0.08,0.08,4.16770518220631,2034.203277872,0.74672203115835
0.05,0.08,0.0,0.02,0.08,0.0,10,0.08,0.08,18.178978828420885,4191.137605506812,0.6412899964231943
0.05,0.08,0.0,0.05,0.08,0.0,0.01,0.08,0.08,81.12856996521386,325.8998413159895,0.7108434841386385
0.05,0.08,0.0,0.05,0.08,0.0,0.02,0.08,0.08,0.14498954108988102,15.633157004731752,0.8475955516063344
0.05,0.08,0.0,0.05,0.08,0.0,0.05,0.08,0.08,0.07893280602253173,5.08105763803079,0.9166203273719561
0.05,0.08,0.0,0.05,0.08,0.0,0.1,0.08,0.08,25.933366773225725,267.1256569958372,0.9936733371472215
0.05,0.08,0.0,0.05,0.08,0.0,0.2,0.08,0.08,7.691444672146951,24.60284179164014,0.9999984039179183
0.05,0.08,0.0,0.05,0.08,0.0,0.5,0.08,0.08,2.1388088371722938,208.8778142914335,0.94574494030869
0.05,0.08,0.0,0.05,0.08,0.0,1,0.08,0.08,8.201354220422132,92.68420201510853,0.9985914981252358
0.05,0.08,0.0,0.05,0.08,0.0,2,0.08,0.08,0.0638925624261692,25.722607912751563,0.9994961346124203
0.05,0.08,0.0,0.05,0.08,0.0,5,0.08,0.08,24.025522790872973,1809.8613547423417,0.6733267464905255
0.05,0.08,0.0,0.05,0.08,0.0,10,0.08,0.08,61.95443057811358,1183.8366009993779,0.9852553696027826
0.05,0.08,0.0,0.1,0.08,0.0,0.01,0.08,0.08,6.798563942021091,74.65044229848485,0.8127174789813374
0.05,0.08,0.0,0.1,0.08,0.0,0.02,0.08,0.08,3.1771134736944195,15.202212516386492,0.9998329662750731
0.05,0.08,0.0,0.1,0.08,0.0,0.05,0.08,0.08,0.5619622709253476,26.106976955520288,0.8737562009677985
0.05,0.08,0.0,0.1,0.08,0.0,0.1,0.08,0.08,1.2796990962702244,142.35341213502187,0.8774961408344287
0.05,0.08,0.0,0.1,0.08,0.0,0.2,0.08,0.08,2.001918500303617,27.83565414323595,0.9979721514054724
0.05,0.08,0.0,0.1,0.08,0.0,0.5,0.08,0.08,0.7196463450070814,195.17640951943437,0.9595477678719617
0.05,0.08,0.0,0.1,0.08,0.0,1,0.08,0.08,2.0427151850881695,9.777195749191856,0.9999825080209177
0.05,0.08,0.0,0.1,0.08,0.0,2,0.08,0.08,3.913650451407762,31.738103197441745,0.9999972454087528
0.05,0.08,0.0,0.1,0.08,0.0,5,0.08,0.08,0.4368520491689009,51.21467703529432,0.999992651181292
0.05,0.08,0.0,0.1,0.08,0.0,10,0.08,0.08,2.0247763223222544,1576.84519008012,0.14452164940842796
0.05,0.08,0.0,0.2,0.08,0.0,0.01,0.08,0.08,1.8638661654641582,15.038825456100994,0.9981645988700196
0.05,0.08,0.0,0.2,0.08,0.0,0.02,0.08,0.08,2.690834747793773,8.469973479423292,0.999989568877499
0.05,0.08,0.0,0.2,0.08,0.0,0.05,0.08,0.08,3.160841679504496,10.208548220352695,0.9996724346662884
0.05,0.08,0.0,0.2,0.08,0.0,0.1,0.08,0.08,4.943008382140216,37.65548894179078,0.9998118237520336
0.05,0.08,0.0,0.2,0.08,0.0,0.2,0.08,0.08,2.0498237779469815,24.58416053272473,0.9999156294806224
0.05,0.08,0.0,0.2,0.08,0.0,0.5,0.08,0.08,5.743664493405603,33.216283532876226,0.9999995293572517
0.05,0.08,0.0,0.2,0.08,0.0,1,0.08,0.08,3.746670069454243,23.794599399900054,0.9999835025959032
0.05,0.08,0.0,0.2,0.08,0.0,2,0.08,0.08,0.3432612560869108,29.822483875738936,0.9999997303761825
0.05,0.08,0.0,0.2,0.08,0.0,5,0.08,0.08,6.190606417146051,216.88826720524474,0.9806264634242524
0.05,0.08,0.0,0.2,0.08,0.0,10,0.08,0.08,21.62482385460626,5797.295045314955,0.6492724546422652
0.05,0.08,0.0,0.5,0.08,0.0,0.01,0.08,0.08,22.105798786895217,184.44903728824397,0.9636188074281148
0.05,0.08,0.0,0.5,0.08,0.0,0.02,0.08,0.08,6.426254843175123,18.95100155276929,0.9999993634396901
0.05,0.08,0.0,0.5,0.08,0.0,0.05,0.08,0.08,3.3309061170762098,18.230070237070873,0.9938028292967681
0.05,0.08,0.0,0.5,0.08,0.0,0.1,0.08,0.08,7.042452525783994,18.180972170180063,0.9991295191544795
0.05,0.08,0.0,0.5,0.08,0.0,0.2,0.08,0.08,3.7426931631070834,64.58233658441632,0.9935211690727472
0.05,0.08,0.0,0.5,0.08,0.0,0.5,0.08,0.08,0.5101665014328951,10.909161069679254,0.9997750846755471
0.05,0.08,0.0,0.5,0.08,0.0,1,0.08,0.08,12.45367527455439,610.013589015781,0.7594509179753676
0.05,0.08,0.0,0.5,0.08,0.0,2,0.08,0.08,13.177774182839029,1155.9417173754457,0.8158326000164324
0.05,0.08,0.0,0.5,0.08,0.0,5,0.08,0.08,29.28659053926316,2263.69315965659,0.5916442538651522
0.05,0.08,0.0,0.5,0.08,0.0,10,0.08,0.08,19.01017657111319,4541.27595482332,0.4353442325071292
0.05,0.08,0.0,1,0.08,0.0,0.01,0.08,0.08,42.27025044380385,438.6116669838831,0.39530849398104856
0.05,0.08,0.0,1,0.08,0.0,0.02,0.08,0.08,1.4753432066667633,48.194010980751514,0.7913604701195593
0.05,0.08,0.0,1,0.08,0.0,0.05,0.08,0.08,0.14795091658511222,14.194054736984658,0.6824297022118105
0.05,0.08,0.0,1,0.08,0.0,0.1,0.08,0.08,1.5870764564770539,64.69182562166196,0.9140371723886113
0.05,0.08,0.0,1,0.08,0.0,0.2,0.08,0.08,0.8759479438721791,9.380557803730671,0.9989648394686065
0.05,0.08,0.0,1,0.08,0.0,0.5,0.08,0.08,3.040646129684391,28.36140489760017,0.9999049189277875
0.05,0.08,0.0,1,0.08,0.0,1,0.08,0.08,2.296829432134497,19.790762695096358,0.9999788684947516
0.05,0.08,0.0,1,0.08,0.0,2,0.08,0.08,2.0580834608038283,776.8495273208273,0.3305262220209211
0.05,0.08,0.0,1,0.08,0.0,5,0.08,0.08,31.683750912897462,1743.1185277167558,0.6425670129072466
0.05,0.08,0.0,1,0.08,0.0,10,0.08,0.08,22.16710795283665,3865.510356480914,0.33032799009798364
0.05,0.08,0.0,2,0.08,0.0,0.01,0.08,0.08,4.177186474632068,385.295340941146,0.19068244813454838
0.05,0.08,0.0,2,0.08,0.0,0.02,0.08,0.08,6.213058257153512,417.9724662725974,0.4805544647814476
0.05,0.08,0.0,2,0.08,0.0,0.05,0.08,0.08,2.7024768307438887,139.467342379017,0.9690084814380422
0.05,0.08,0.0,2,0.08,0.0,0.1,0.08,0.08,0.3717471371785488,27.689201159371017,0.9981440888623412
0.05,0.08,0.0,2,0.08,0.0,0.2,0.08,0.08,5.8283848815649515,31.386015843407762,0.999892131279447
0.05,0.08,0.0,2,0.08,0.0,0.5,0.08,0.08,1.4942578158805575,253.38979797941488,0.5881000483086384
0.05,0.08,0.0,2,0.08,0.0,1,0.08,0.08,1.1151130476135136,73.58145540803409,0.9988556335459235
0.05,0.08,0.0,2,0.08,0.0,2,0.08,0.08,2.9931312621245167,22.941250123586762,0.9999876323765962
0.05,0.08,0.0,2,0.08,0.0,5,0.08,0.08,0.8916721175399197,57.6790792699901,0.9997869825151919
0.05,0.08,0.0,2,0.08,0.0,10,0.08,0.08,1.0936992060095834,46.094829787923274,0.999983679751531
0.05,0.08,0.0,5,0.08,0.0,0.01,0.08,0.08,2.852898187606511,19.733513486413468,0.999979927521058
0.05,0.08,0.0,5,0.08,0.0,0.02,0.08,0.08,4.9971708605873975,36.71579383615254,0.9997149406885469
0.05,0.08,0.0,5,0.08,0.0,0.05,0.08,0.08,1.1186171316807758,24.80505657419773,0.873298590883052
0.05,0.08,0.0,5,0.08,0.0,0.1,0.08,0.08,3.284861909052281,24.754312782330366,0.9983766928189366
0.05,0.08,0.0,5,0.08,0.0,0.2,0.08,0.08,2.4319633329091856,29.351067682067516,0.9987579526731046
0.05,0.08,0.0,5,0.08,0.0,0.5,0.08,0.08,9.911502469095385,65.01790014865541,0.9973917802421391
0.05,0.08,0.0,5,0.08,0.0,1,0.08,0.08,5.386577076213687,379.68342797234584,0.9042902121545762
0.05,0.08,0.0,5,0.08,0.0,2,0.08,0.08,1.0196622215981441,58.91576689303055,0.999951881071818
0.05,0.08,0.0,5,0.08,0.0,5,0.08,0.08,0.8913573620752728,57.85015257908377,0.9999953829238448
0.05,0.08,0.0,5,0.08,0.0,10,0.08,0.08,3.7509518067526937,767.4670700407268,0.9857609999874539
0.05,0.08,0.0,10,0.08,0.0,0.01,0.08,0.08,8.413164150569559,20.51532470536673,0.9999523236396208
0.05,0.08,0.0,10,0.08,0.0,0.02,0.08,0.08,1.4541297127711754,17.395583811695097,0.975323106879548
0.05,0.08,0.0,10,0.08,0.0,0.05,0.08,0.08,1.4995519537416258,17.168052570267033,0.9876446015834217
0.05,0.08,0.0,10,0.08,0.0,0.1,0.08,0.08,3.0995295362089132,13.67793358574049,0.9996131426628503
0.05,0.08,0.0,10,0.08,0.0,0.2,0.08,0.08,5.917345494687329,20.491252745413846,0.9999816013965791
0.05,0.08,0.0,10,0.08,0.0,0.5,0.08,0.08,2.0177781186027235,101.33549180414148,0.8957730371893037
0.05,0.08,0.0,10,0.08,0.0,1,0.08,0.08,4.529590590749064,14.719169486781752,0.999905086963664
0.05,0.08,0.0,10,0.08,0.0,2,0.08,0.08,10.483713320656987,231.2435282208722,0.3423987333115308
0.05,0.08,0.0,10,0.08,0.0,5,0.08,0.08,17.993370268234425,1643.1548925542152,0.1672706891106872
0.05,0.08,0.0,10,0.08,0.0,10,0.08,0.08,1.0275848841514055,1499.1162296755224,0.24704679712493738
0.1,0.08,0.0,0.01,0.08,0.0,0.01,0.08,0.08,3.483183294880195,57.35496467621547,0.8420089027109667
0.1,0.08,0.0,0.01,0.08,0.0,0.02,0.08,0.08,13.68185272603324,60.83325821102939,0.9626171412545108
0.1,0.08,0.0,0.01,0.08,0.0,0.05,0.08,0.08,1.7653491369668932,18.315402837149023,0.9807553663857818
0.1,0.08,0.0,0.01,0.08,0.0,0.1,0.08,0.08,3.629495917783741,22.79794172482453,0.9908026247234659
0.1,0.08,0.0,0.01,0.08,0.0,0.2,0.08,0.08,0.8717077910239464,35.195760689153545,0.7681889742318472
0.1,0.08,0.0,0.01,0.08,0.0,0.5,0.08,0.08,1.3549293432764689,10.951488717339164,0.9996541489306519
0.1,0.08,0.0,0.01,0.08,0.0,1,0.08,0.08,0.5254910918916836,14.998792987242089,0.9980987277329133
0.1,0.08,0.0,0.01,0.08,0.0,2,0.08,0.08,3.1489607552400702,106.2935026043908,0.9991697727633451
0.1,0.08,0.0,0.01,0.08,0.0,5,0.08,0.08,33.03531739078246,1260.989026470064,0.7251204249198946
0.1,0.08,0.0,0.01,0.08,0.0,10,0.08,0.08,28.826343348284556,2276.6365453135663,0.3793009926248485
0.1,0.08,0.0,0.02,0.08,0.0,0.01,0.08,0.08,11.336137592984576,123.52174869468487,0.27938053800807
0.1,0.08,0.0,0.02,0.08,0.0,0.02,0.08,0.08,10.783870847833885,185.82577644587846,0.9635312096532453
0.1,0.08,0.0,0.02,0.08,0.0,0.05,0.08,0.08,6.588366263510216,62.73356651462193,0.9972341460824056
0.1,0.08,0.0,0.02,0.08,0.0,0.1,0.08,0.08,1.5736839447997477,26.487099619185585,0.978935058274333
0.1,0.08,0.0,0.02,0.08,0.0,0.2,0.08,0.08,1.3465466161498634,114.07030965048243,0.5734381700663663
0.1,0.08,0.0,0.02,0.08,0.0,0.5,0.08,0.08,1.0628422450649242,19.197545857455463,0.9305153610463108
0.1,0.08,0.0,0.02,0.08,0.0,1,0.08,0.08,4.08590800375717,28.929570219375137,0.9994929482054172
0.1,0.08,0.0,0.02,0.08,0.0,2,0.08,0.08,5.7293832451033095,354.39879165977106,0.885816002435619
0.1,0.08,0.0,0.02,0.08,0.0,5,0.08,0.08,22.619852356916123,1943.1212893292736,0.2759327171101477
0.1,0.08,0.0,0.02,0.08,0.0,10,0.08,0.08,88.10400638045128,7036.5153360057475,0.28413348804836475
0.1,0.08,0.0,0.05,0.08,0.0,0.01,0.08,0.08,5.787219131602457,1280.9609456467326,0.6239903511694856
0.1,0.08,0.0,0.05,0.08,0.0,0.02,0.08,0.08,0.324884413299252,21.874938484910835,0.7254211767981085
0.1,0.08,0.0,0.05,0.08,0.0,0.05,0.08,0.08,4.004416354351275,97.59050409502497,0.8932382884457907
0.1,0.08,0.0,0.05,0.08,0.0,0.1,0.08,0.08,7.832803620216835,26.2617272353284,0.9995533050033785
0.1,0.08,0.0,0.05,0.08,0.0,0.2,0.08,0.08,0.1791818471899969,12.52655822554506,0.9889270055726459
0.1,0.08,0.0,0.05,0.08,0.0,0.5,0.08,0.08,2.5467062011376878,26.427659190032394,0.9997887370933988
0.1,0.08,0.0,0.05,0.08,0.0,1,0.08,0.08,1.2574082101367094,14.375772473570152,0.9999202696326777
0.1,0.08,0.0,0.05,0.08,0.0,2,0.08,0.08,17.81983768263419,628.8464957029821,0.7823249693053942
0.1,0.08,0.0,0.05,0.08,0.0,5,0.08,0.08,15.029601758528841,866.6716931272169,0.6204331183620075
0.1,0.08,0.0,0.05,0.08,0.0,10,0.08,0.08,39.718912698116725,1585.5313604208727,0.9114963835366472
0.1,0.08,0.0,0.1,0.08,0.0,0.01,0.08,0.08,15.736517966638727,84.93299837519574,0.8212972151641926
0.1,0.08,0.0,0.1,0.08,0.0,0.02,0.08,0.08,0.894156087054953,47.63827449978865,0.7648939422525882
0.1,0.08,0.0,0.1,0.08,0.0,0.05,0.08,0.08,0.9047707721089336,60.62230922662013,0.6957293982547088
0.1,0.08,0.0,0.1,0.08,0.0,0.1,0.08,0.08,1.899154987246578,32.38456871037762,0.6753593131248865
0.1,0.08,0.0,0.1,0.08,0.0,0.2,0.08,0.08,29.723077851991764,188.49186481484247,0.8292204045034965
0.1,0.08,0.0,0.1,0.08,0.0,0.5,0.08,0.08,1.8120601495134874,11.125890645260366,0.9996176096546596
0.1,0.08,0.0,0.1,0.08,0.0,1,0.08,0.08,1.4806626592711543,13.539864687254674,0.9999909362255351
0.1,0.08,0.0,0.1,0.08,0.0,2,0.08,0.08,1.7994336557655948,31.5148582866496,0.9999646098718684
0.1,0.08,0.0,0.1,0.08,0.0,5,0.08,0.08,7.37326187984562,857.1224060634516,0.8445715559222146
0.1,0.08,0.0,0.1,0.08,0.0,10,0.08,0.08,4.971032570314419,614.0319124955217,0.5024392995421786
0.1,0.08,0.0,0.2,0.08,0.0,0.01,0.08,0.08,48.99115730262463,357.08432508881185,0.9227758707806124
0.1,0.08,0.0,0.2,0.08,0.0,0.02,0.08,0.08,3.3643596836443743,10.22382070620618,0.9886217475644842
0.1,0.08,0.0,0.2,0.08,0.0,0.05,0.08,0.08,3.9086634629283172,35.156575911345826,0.9996529646792219
0.1,0.08,0.0,0.2,0.08,0.0,0.1,0.08,0.08,3.460228853387321,24.710196796505194,0.9995834118389058
0.1,0.08,0.0,0.2,0.08,0.0,0.2,0.08,0.08,8.169805581644379,32.32065604082575,0.9999958374183313
0.1,0.08,0.0,0.2,0.08,0.0,0.5,0.08,0.08,2.162127236319981,21.596918808545155,0.999982480800856
0.1,0.08,0.0,0.2,0.08,0.0,1,0.08,0.08,1.688030090536815,30.303227660310377,0.9999979204919268
0.1,0.08,0.0,0.2,0.08,0.0,2,0.08,0.08,9.738957766820542,168.15714400031334,0.9953774964239255
0.1,0.08,0.0,0.2,0.08,0.0,5,0.08,0.08,2.8306980788408453,301.4817979182275,0.9807485357878911
0.1,0.08,0.0,0.2,0.08,0.0,10,0.08,0.08,4.20698545644042,671.6663947967911,0.9970519130774502
0.1,0.08,0.0,0.5,0.08,0.0,0.01,0.08,0.08,8.508220766701017,19.55157134817689,0.9999996275012683
0.1,0.08,0.0,0.5,0.08,0.0,0.02,0.08,0.08,3.033432699644216,49.617044357039255,0.9407802985040205
0.1,0.08,0.0,0.5,0.08,0.0,0.05,0.08,0.08,0.9426233669920105,191.20639983558058,0.9591248187640213
0.1,0.08,0.0,0.5,0.08,0.0,0.1,0.08,0.08,3.8097052844030137,29.44899492002752,0.997770009618364
0.1,0.08,0.0,0.5,0.08,0.0,0.2,0.08,0.08,1.703397906400513,13.092495922277525,0.9996862938786683
0.1,0.08,0.0,0.5,0.08,0.0,0.5,0.08,0.08,0.614328449736762,127.03086251581445,0.9757661977427277
0.1,0.08,0.0,0.5,0.08,0.0,1,0.08,0.08,6.782555320614558,280.7165328728979,0.8564467542784341
0.1,0.08,0.0,0.5,0.08,0.0,2,0.08,0.08,0.4592605864446192,24.27436383036554,0.9997165862177532
0.1,0.08,0.0,0.5,0.08,0.0,5,0.08,0.08,0.13056700658613093,44.511366783918156,0.9999997901714303
0.1,0.08,0.0,0.5,0.08,0.0,10,0.08,0.08,2.134815011413486,75.79167863390799,0.9999999541675901
0.1,0.08,0.0,1,0.08,0.0,0.01,0.08,0.08,15.505000997447777,93.17043446745478,0.9999756516084999
0.1,0.08,0.0,1,0.08,0.0,0.02,0.08,0.08,0.30664476097654714,22.03243967799275,0.5753650625810393
0.1,0.08,0.0,1,0.08,0.0,0.05,0.08,0.08,0.17683105403005275,28.09733772485252,0.9108674571294191
0.1,0.08,0.0,1,0.08,0.0,0.1,0.08,0.08,0.3316278538161973,10.180343493744086,0.9702485824993394
0.1,0.08,0.0,1,0.08,0.0,0.2,0.08,0.08,3.40321101450848,27.4605671289139,0.9994287217457212
0.1,0.08,0.0,1,0.08,0.0,0.5,0.08,0.08,0.8212588480576,8.678724610800158,0.9998732216678422
0.1,0.08,0.0,1,0.08,0.0,1,0.08,0.08,15.554828598354822,188.34983328091317,0.8563087151974705
0.1,0.08,0.0,1,0.08,0.0,2,0.08,0.08,5.938023710729304,494.21699390301103,0.8905527858909398
0.1,0.08,0.0,1,0.08,0.0,5,0.08,0.08,10.592536079672627,2110.9889205475943,0.7293310646224198
0.1,0.08,0.0,1,0.08,0.0,10,0.08,0.08,155.97642443178498,7604.01105166612,0.6767425928915787
0.1,0.08,0.0,2,0.08,0.0,0.01,0.08,0.08,51.49025697930456,13653.12863319096,0.3955365644313303
0.1,0.08,0.0,2,0.08,0.0,0.02,0.08,0.08,2.2018488714541014,32.05574060944524,0.997517406535322
0.1,0.08,0.0,2,0.08,0.0,0.05,0.08,0.08,1.5675880078828217,28.492963017011938,0.9963332239860354
0.1,0.08,0.0,2,0.08,0.0,0.1,0.08,0.08,4.052124240199647,47.21568040090189,0.8949154713691768
0.1,0.08,0.0,2,0.08,0.0,0.2,0.08,0.08,4.8321226759100195,50.81923943577739,0.9657331499541086
0.1,0.08,0.0,2,0.08,0.0,0.5,0.08,0.08,7.982981616531472,53.073982161943356,0.9982126775884547
0.1,0.08,0.0,2,0.08,0.0,1,0.08,0.08,1.0783540425570943,21.88813794669878,0.9997711289095229
0.1,0.08,0.0,2,0.08,0.0,2,0.08,0.08,8.898860051912434,460.561804651163,0.466433156388142
0.1,0.08,0.0,2,0.08,0.0,5,0.08,0.08,20.829319911869604,1227.0998358086158,0.721598470997119
0.1,0.08,0.0,2,0.08,0.0,10,0.08,0.08,29.181661424707404,3126.9100984043826,0.4237013720801408
0.1,0.08,0.0,5,0.08,0.0,0.01,0.08,0.08,120.68985657441189,10125.247174003944,0.7518543134131207
0.1,0.08,0.0,5,0.08,0.0,0.02,0.08,0.08,66.99764875587917,2633.954611060574,0.6219402639633904
0.1,0.08,0.0,5,0.08,0.0,0.05,0.08,0.08,8.050568188103298,57.5003369549166,0.9647377220509253
0.1,0.08,0.0,5,0.08,0.0,0.1,0.08,0.08,3.8506808599708315,30.086721127745072,0.9975523615402171
0.1,0.08,0.0,5,0.08,0.0,0.2,0.08,0.08,8.123692355786321,83.64865306372928,0.9997535401238998
0.1,0.08,0.0,5,0.08,0.0,0.5,0.08,0.08,0.4923955827642106,37.492249397473756,0.9879160676259819
0.1,0.08,0.0,5,0.08,0.0,1,0.08,0.08,2.8897375459581593,59.75294654131083,0.9997704087245313
0.1,0.08,0.0,5,0.08,0.0,2,0.08,0.08,1.1707770641109483,39.9884744650295,0.9999691931134043
0.1,0.08,0.0,5,0.08,0.0,5,0.08,0.08,2.688766229382795,286.676500015925,0.9864581151632639
0.1,0.08,0.0,5,0.08,0.0,10,0.08,0.08,2.6849016714987735,998.2498011383914,0.9972577180184801
0.1,0.08,0.0,10,0.08,0.0,0.01,0.08,0.08,5.393003417388745,127.32797649866018,0.38741548623727834
0.1,0.08,0.0,10,0.08,0.0,0.02,0.08,0.08,0.73057143280318,21.080629298599945,0.8751319470223098
0.1,0.08,0.0,10,0.08,0.0,0.05,0.08,0.08,0.6450104800636625,15.434856564738164,0.8309586279938084
0.1,0.08,0.0,10,0.08,0.0,0.1,0.08,0.08,6.550573644152927,20.987538073426222,0.9999726418275589
0.1,0.08,0.0,10,0.08,0.0,0.2,0.08,0.08,2.702880413249704,40.797878008327366,0.9751049710650018
0.1,0.08,0.0,10,0.08,0.0,0.5,0.08,0.08,3.651865938864477,15.318033589632842,0.9999475950857547
0.1,0.08,0.0,10,0.08,0.0,1,0.08,0.08,3.226833148299941,86.1484201172444,0.9895487761935414
0.1,0.08,0.0,10,0.08,0.0,2,0.08,0.08,16.421002959587206,648.5148841992452,0.7389944884690554
0.1,0.08,0.0,10,0.08,0.0,5,0.08,0.08,45.65816071280823,5366.706378951449,0.5587702838103754
0.1,0.08,0.0,10,0.08,0.0,10,0.08,0.08,50.73547243453443,6463.243479452027,0.48167022854206176
0.2,0.08,0.0,0.01,0.08,0.0,0.01,0.08,0.08,39.927090301319396,3827.821889736412,0.6135615431839067
0.2,0.08,0.0,0.01,0.08,0.0,0.02,0.08,0.08,2.2013407251392363,72.2234740316591,0.8097307408886086
0.2,0.08,0.0,0.01,0.08,0.0,0.05,0.08,0.08,1.5723691797964956,29.814366820178908,0.9440529165113228
0.2,0.08,0.0,0.01,0.08,0.0,0.1,0.08,0.08,0.5444299301940988,13.179397410486434,0.3659984456875419
0.2,0.08,0.0,0.01,0.08,0.0,0.2,0.08,0.08,1.91234186330787,10.033935829807552,0.9954481771767714
0.2,0.08,0.0,0.01,0.08,0.0,0.5,0.08,0.08,1.0361394670235915,115.33492345355265,0.6802418946708118
0.2,0.08,0.0,0.01,0.08,0.0,1,0.08,0.08,0.840924557507509,230.88646521577508,0.9736142911527772
0.2,0.08,0.0,0.01,0.08,0.0,2,0.08,0.08,1.5772471596966489,74.33421004333685,0.9982858411134695
0.2,0.08,0.0,0.01,0.08,0.0,5,0.08,0.08,1.030216858824906,837.0481883370755,0.2101966594480419
0.2,0.08,0.0,0.01,0.08,0.0,10,0.08,0.08,74.97890194796939,605.0762027562714,0.997842219400216
0.2,0.08,0.0,0.02,0.08,0.0,0.01,0.08,0.08,2.2105036277811347,69.91970352900844,0.9901733932208521
0.2,0.08,0.0,0.02,0.08,0.0,0.02,0.08,0.08,7.86075200809519,116.4755019476622,0.9988150140503722
0.2,0.08,0.0,0.02,0.08,0.0,0.05,0.08,0.08,4.463289225468193,671.7333128900269,0.811923121299888
0.2,0.08,0.0,0.02,0.08,0.0,0.1,0.08,0.08,0.636257676703315,42.45741259738559,0.2212121853155562
0.2,0.08,0.0,0.02,0.08,0.0,0.2,0.08,0.08,0.7395951619036664,27.37997022261182,0.2289295679496851
0.2,0.08,0.0,0.02,0.08,0.0,0.5,0.08,0.08,1.9575567738094484,25.337387096811856,0.8143173254279856
0.2,0.08,0.0,0.02,0.08,0.0,1,0.08,0.08,0.6988406979679568,38.79241944813313,0.9927076154418397
0.2,0.08,0.0,0.02,0.08,0.0,2,0.08,0.08,6.304024787625916,297.71877510528327,0.7588669457317258
0.2,0.08,0.0,0.02,0.08,0.0,5,0.08,0.08,7.465658733228613,1615.011969380608,0.5209434814680861
0.2,0.08,0.0,0.02,0.08,0.0,10,0.08,0.08,65.59869433367565,4198.541192685561,0.38434387043999896
0.2,0.08,0.0,0.05,0.08,0.0,0.01,0.08,0.08,0.42878560545164607,9.207987189329724,0.49771256826954446
0.2,0.08,0.0,0.05,0.08,0.0,0.02,0.08,0.08,5.577550514971137,159.9561316613783,0.7419033571615724
0.2,0.08,0.0,0.05,0.08,0.0,0.05,0.08,0.08,1.7553800470923033,33.42764684077958,0.9875046566120741
0.2,0.08,0.0,0.05,0.08,0.0,0.1,0.08,0.08,0.8660998443577723,118.08890093834059,0.6263011596975132
0.2,0.08,0.0,0.05,0.08,0.0,0.2,0.08,0.08,7.708592628628897,23.68070751075407,0.9999361072541855
0.2,0.08,0.0,0.05,0.08,0.0,0.5,0.08,0.08,0.38691217644911957,9.771065250769833,0.9997365843863637
0.2,0.08,0.0,0.05,0.08,0.0,1,0.08,0.08,16.974531923913045,198.29097097866492,0.983929957223176
0.2,0.08,0.0,0.05,0.08,0.0,2,0.08,0.08,4.0533841477878,31.473611990682002,0.9999109271543355
0.2,0.08,0.0,0.05,0.08,0.0,5,0.08,0.08,0.3108790659009109,40.35453555986603,0.9999643895332048
0.2,0.08,0.0,0.05,0.08,0.0,10,0.08,0.08,29.423640878399333,1003.210817551214,0.9679522945686215
0.2,0.08,0.0,0.1,0.08,0.0,0.01,0.08,0.08,0.8834631437139845,223.42842838518354,0.36506701813489495
0.2,0.08,0.0,0.1,0.08,0.0,0.02,0.08,0.08,0.5855256985721097,27.306813713602207,0.27807910996246193
0.2,0.08,0.0,0.1,0.08,0.0,0.05,0.08,0.08,0.9972441796368228,766.2301283843436,0.3853017102044121
0.2,0.08,0.0,0.1,0.08,0.0,0.1,0.08,0.08,4.69960126324627,422.2737202504645,0.5965187907315979
0.2,0.08,0.0,0.1,0.08,0.0,0.2,0.08,0.08,2.97315179759865,21.899422287930346,0.9898156002812659
0.2,0.08,0.0,0.1,0.08,0.0,0.5,0.08,0.08,0.5889565628807472,65.92680791924315,0.9062726390896776
0.2,0.08,0.0,0.1,0.08,0.0,1,0.08,0.08,46.60517352813856,103.74004617990724,0.14187025171879786
0.2,0.08,0.0,0.1,0.08,0.0,2,0.08,0.08,13.600045896051702,394.7404486613296,0.5717952416327395
0.2,0.08,0.0,0.1,0.08,0.0,5,0.08,0.08,0.8541375987767172,35.57200790525435,0.999907951708122
0.2,0.08,0.0,0.1,0.08,0.0,10,0.08,0.08,1.8946661422316236,70.39580188270665,0.9999975026632112
0.2,0.08,0.0,0.2,0.08,0.0,0.01,0.08,0.08,29.31755698406592,152.17684570834703,0.9999725127374581
0.2,0.08,0.0,0.2,0.08,0.0,0.02,0.08,0.08,4.839778899403127,37.44853024383524,0.9979425988778539
0.2,0.08,0.0,0.2,0.08,0.0,0.05,0.08,0.08,5.090777568161312,25.192847260379924,0.9977178363680957
0.2,0.08,0.0,0.2,0.08,0.0,0.1,0.08,0.08,6.606836555900242,34.45478317924479,0.99983631930485
0.2,0.08,0.0,0.2,0.08,0.0,0.2,0.08,0.08,2.330023413174708,20.548551793100938,0.9999223465577638
0.2,0.08,0.0,0.2,0.08,0.0,0.5,0.08,0.08,0.12230790453489737,26.691173544663343,0.9998042880328163
0.2,0.08,0.0,0.2,0.08,0.0,1,0.08,0.08,0.6331692308762811,20.8046805065293,0.9999243999426642
0.2,0.08,0.0,0.2,0.08,0.0,2,0.08,0.08,0.9305327116285383,12.951629570223364,0.9999100833458487
0.2,0.08,0.0,0.2,0.08,0.0,5,0.08,0.08,0.17959673147644048,43.152588349212806,0.9992639654248325
0.2,0.08,0.0,0.2,0.08,0.0,10,0.08,0.08,12.313930451763362,1226.9813630251706,0.9396385968106831
0.2,0.08,0.0,0.5,0.08,0.0,0.01,0.08,0.08,1.9768815851442851,326.7288019440488,0.6826224706286819
0.2,0.08,0.0,0.5,0.08,0.0,0.02,0.08,0.08,4.456756557881501,91.22892196049213,0.7210212426363602
0.2,0.08,0.0,0.5,0.08,0.0,0.05,0.08,0.08,3.4321957902248053,30.746572188814845,0.9946841408612913
0.2,0.08,0.0,0.5,0.08,0.0,0.1,0.08,0.08,0.8930852520010497,15.812009542937876,0.9975144622663149
0.2,0.08,0.0,0.5,0.08,0.0,0.2,0.08,0.08,0.300918345188468,17.825899872692627,0.4140484822262063
0.2,0.08,0.0,0.5,0.08,0.0,0.5,0.08,0.08,1.128712976980594,26.99224092229669,0.9999567749895832
0.2,0.08,0.0,0.5,0.08,0.0,1,0.08,0.08,0.6527606120234551,10.031971586718287,0.9998907528957213
0.2,0.08,0.0,0.5,0.08,0.0,2,0.08,0.08,1.9298580068134925,25.825884891527068,0.9998764302053754
0.2,0.08,0.0,0.5,0.08,0.0,5,0.08,0.08,2.3618368189050076,61.314814110216595,0.9998982975117334
0.2,0.08,0.0,0.5,0.08,0.0,10,0.08,0.08,16.398522275611658,1115.9464523836089,0.9598850771125395
0.2,0.08,0.0,1,0.08,0.0,0.01,0.08,0.08,0.7196206322546582,563.7822690156628,0.1872115376451901
0.2,0.08,0.0,1,0.08,0.0,0.02,0.08,0.08,1.4518914730304078,89.55899677971536,0.7734887299635046
0.2,0.08,0.0,1,0.08,0.0,0.05,0.08,0.08,2.2337857256698737,18.565424408671436,0.8409433382790557
0.2,0.08,0.0,1,0.08,0.0,0.1,0.08,0.08,3.516587257836445,24.292563794215507,0.9965603075412721
0.2,0.08,0.0,1,0.08,0.0,0.2,0.08,0.08,2.297199021638594,15.013104759594972,0.9990755616636317
0.2,0.08,0.0,1,0.08,0.0,0.5,0.08,0.08,0.3932740890604916,22.82994782954524,0.9478113135076014
0.2,0.08,0.0,1,0.08,0.0,1,0.08,0.08,0.6250326124314971,36.62042754147837,0.99722715448112
0.2,0.08,0.0,1,0.08,0.0,2,0.08,0.08,13.410918651557198,322.71863964146905,0.8395544621427802
0.2,0.08,0.0,1,0.08,0.0,5,0.08,0.08,62.70088847479725,1731.2859235812543,0.7351390780462158
0.2,0.08,0.0,1,0.08,0.0,10,0.08,0.08,118.68285130506662,5281.866623462434,0.5432873262628982
0.2,0.08,0.0,2,0.08,0.0,0.01,0.08,0.08,51.525672081992525,436.2699111796184,0.2837928883566603
0.2,0.08,0.0,2,0.08,0.0,0.02,0.08,0.08,4.473342964873724,30.40753083096128,0.9925054863549287
0.2,0.08,0.0,2,0.08,0.0,0.05,0.08,0.08,0.2688606299504947,297.01247169698166,0.5173844095926574
0.2,0.08,0.0,2,0.08,0.0,0.1,0.08,0.08,4.405358601579102,53.26519938761222,0.6262866217542951
0.2,0.08,0.0,2,0.08,0.0,0.2,0.08,0.08,5.728160302142381,25.928939830711233,0.9985394734269409
0.2,0.08,0.0,2,0.08,0.0,0.5,0.08,0.08,1.5246329449158795,15.370176867738612,0.9996940792647296
0.2,0.08,0.0,2,0.08,0.0,1,0.08,0.08,0.5475660908996093,39.551478065916925,0.4292176628318736
0.2,0.08,0.0,2,0.08,0.0,2,0.08,0.08,0.4462967328238659,13.008236208586386,0.9997409894778411
0.2,0.08,0.0,2,0.08,0.0,5,0.08,0.08,0.4038499196154646,20.991561678842608,0.9999770045975082
0.2,0.08,0.0,2,0.08,0.0,10,0.08,0.08,1.4658974613619091,107.17970019254683,0.9991688699148972
0.2,0.08,0.0,5,0.08,0.0,0.01,0.08,0.08,16.03888690808772,432.48513299019385,0.9261678589830847
0.2,0.08,0.0,5,0.08,0.0,0.02,0.08,0.08,3.7419722843250147,31.774221691951727,0.9989076310783026
0.2,0.08,0.0,5,0.08,0.0,0.05,0.08,0.08,2.3203166664427872,27.803036341090767,0.9943512082550598
0.2,0.08,0.0,5,0.08,0.0,0.1,0.08,0.08,11.325953406439993,85.40566360928976,0.9994709262143966
0.2,0.08,0.0,5,0.08,0.0,0.2,0.08,0.08,0.9780019891225727,30.825796364110396,0.832838332561271
0.2,0.08,0.0,5,0.08,0.0,0.5,0.08,0.08,3.397782266016728,25.560555759313775,0.9996077980094846
0.2,0.08,0.0,5,0.08,0.0,1,0.08,0.08,5.119090685038649,23.607171458194614,0.9998525233861286
0.2,0.08,0.0,5,0.08,0.0,2,0.08,0.08,1.5192885896596784,15.20107824252383,0.9998145518781987
0.2,0.08,0.0,5,0.08,0.0,5,0.08,0.08,1.1752670906052947,205.52920948422548,0.9980318727606303
0.2,0.08,0.0,5,0.08,0.0,10,0.08,0.08,48.257960607665,2851.496418796018,0.1875130366074718
0.2,0.08,0.0,10,0.08,0.0,0.01,0.08,0.08,6.80548597734329,1028.3476759930331,0.3803281708831063
0.2,0.08,0.0,10,0.08,0.0,0.02,0.08,0.08,0.0911718793761707,29.662386829279797,0.8390919072834052
0.2,0.08,0.0,10,0.08,0.0,0.05,0.08,0.08,7.94019498175502,22.535165001844703,0.9993588511333588
0.2,0.08,0.0,10,0.08,0.0,0.1,0.08,0.08,2.1125598573327307,394.02574751705913,0.7685416415139772
0.2,0.08,0.0,10,0.08,0.0,0.2,0.08,0.08,8.1011875997713,15.699824235094397,0.9999851825175398
0.2,0.08,0.0,10,0.08,0.0,0.5,0.08,0.08,5.044241615173626,49.61158729428327,0.9570819537828642
0.2,0.08,0.0,10,0.08,0.0,1,0.08,0.08,8.694476210312438,179.180955780366,0.9148126644513233
0.2,0.08,0.0,10,0.08,0.0,2,0.08,0.08,24.43766441918558,892.7053326809379,0.8239606791362744
0.2,0.08,0.0,10,0.08,0.0,5,0.08,0.08,94.24335831832177,4391.9869984527695,0.44464300654807865
0.2,0.08,0.0,10,0.08,0.0,10,0.08,0.08,84.75626572622149,4168.713296007998,0.4997828137012252
0.5,0.08,0.0,0.01,0.08,0.0,0.01,0.08,0.08,22.147724317517987,2089.4998009509554,0.3157165604144831
0.5,0.08,0.0,0.01,0.08,0.0,0.02,0.08,0.08,5.36106655600351,55.494185734899055,0.6611844463019736
0.5,0.08,0.0,0.01,0.08,0.0,0.05,0.08,0.08,0.9865565354396587,179.5497233628068,0.46070752836633067
0.5,0.08,0.0,0.01,0.08,0.0,0.1,0.08,0.08,0.6979570223354902,18.032699828202965,0.9548567993627548
0.5,0.08,0.0,0.01,0.08,0.0,0.2,0.08,0.08,66.96556004796624,560.0378469423835,0.17750722840776012
0.5,0.08,0.0,0.01,0.08,0.0,0.5,0.08,0.08,4.691112402660955,40.392829433543795,0.5126107728978105
0.5,0.08,0.0,0.01,0.08,0.0,1,0.08,0.08,5.6850033320294955,427.1728557791345,0.6543675917087141
0.5,0.08,0.0,0.01,0.08,0.0,2,0.08,0.08,11.4830989597675,41.06239300143824,0.9965700508587295
0.5,0.08,0.0,0.01,0.08,0.0,5,0.08,0.08,15.3741816114608,1039.1517359740456,0.6752632595832846
0.5,0.08,0.0,0.01,0.08,0.0,10,0.08,0.08,17.427172936657605,1767.2541351211996,0.49708320556049224
0.5,0.08,0.0,0.02,0.08,0.0,0.01,0.08,0.08,8.390375613177271,198.20674545611638,0.9322940078206583
0.5,0.08,0.0,0.02,0.08,0.0,0.02,0.08,0.08,27.635949746454724,1572.80857938452,0.4818318917438538
0.5,0.08,0.0,0.02,0.08,0.0,0.05,0.08,0.08,0.688654349442883,118.13046488164329,0.4284620519915302
0.5,0.08,0.0,0.02,0.08,0.0,0.1,0.08,0.08,1.3400964751540367,60.0207614579998,0.6286262764112971
0.5,0.08,0.0,0.02,0.08,0.0,0.2,0.08,0.08,10.156826021139223,174.59664583633858,0.21963172750945667
0.5,0.08,0.0,0.02,0.08,0.0,0.5,0.08,0.08,5.234088618886446,861.072898860764,0.7232913713551148
0.5,0.08,0.0,0.02,0.08,0.0,1,0.08,0.08,11.656953469501582,773.5077860879849,0.568807677453851
0.5,0.08,0.0,0.02,0.08,0.0,2,0.08,0.08,13.135548583732128,245.67509920159745,0.6732217780386199
0.5,0.08,0.0,0.02,0.08,0.0,5,0.08,0.08,46.90657920151073,1215.1069804130816,0.7310978229875907
0.5,0.08,0.0,0.02,0.08,0.0,10,0.08,0.08,44.2041477377847,3406.726371245113,0.4752502656968782
0.5,0.08,0.0,0.05,0.08,0.0,0.01,0.08,0.08,26.939929748610894,2737.9908860561727,0.35493381321945294
0.5,0.08,0.0,0.05,0.08,0.0,0.02,0.08,0.08,8.978117163241704,123.12925285626181,0.6116236907208545
0.5,0.08,0.0,0.05,0.08,0.0,0.05,0.08,0.08,25.268411788018064,1243.0810268134287,0.22434990393691842
0.5,0.08,0.0,0.05,0.08,0.0,0.1,0.08,0.08,2.001049855433531,39.999959668416295,0.9883960107953488
0.5,0.08,0.0,0.05,0.08,0.0,0.2,0.08,0.08,0.5913543202635327,8.164144105753802,0.9975991301972967
0.5,0.08,0.0,0.05,0.08,0.0,0.5,0.08,0.08,11.667464006651214,386.0471777870832,0.6622812789482917
0.5,0.08,0.0,0.05,0.08,0.0,1,0.08,0.08,2.1352654363788077,20.807921458767304,0.9993254549661178
0.5,0.08,0.0,0.05,0.08,0.0,2,0.08,0.08,0.6894597279863551,18.128527888658926,0.9996677372440874
0.5,0.08,0.0,0.05,0.08,0.0,5,0.08,0.08,1.466329775339047,307.4775683989635,0.9968220084258063
0.5,0.08,0.0,0.05,0.08,0.0,10,0.08,0.08,4.1158965281886735,611.0974799176453,0.9965624646700618
0.5,0.08,0.0,0.1,0.08,0.0,0.01,0.08,0.08,17.02886840948466,115.1746090165813,0.9875770224979462
0.5,0.08,0.0,0.1,0.08,0.0,0.02,0.08,0.08,8.056937375628536,2225.115720517657,0.4187790364887736
0.5,0.08,0.0,0.1,0.08,0.0,0.05,0.08,0.08,13.833504035811284,2159.961564102375,0.163589847357168
0.5,0.08,0.0,0.1,0.08,0.0,0.1,0.08,0.08,2.4854634572249146,25.30268425923943,0.9714858081990457
0.5,0.08,0.0,0.1,0.08,0.0,0.2,0.08,0.08,2.2106181176042203,793.3063438098624,0.23042105814575475
0.5,0.08,0.0,0.1,0.08,0.0,0.5,0.08,0.08,2.482347455942951,903.1583457628352,0.3802622326997705
0.5,0.08,0.0,0.1,0.08,0.0,1,0.08,0.08,0.9633664735606952,45.168700615675974,0.8396228449352351
0.5,0.08,0.0,0.1,0.08,0.0,2,0.08,0.08,0.6959772982977357,24.532416059675533,0.9997180623679428
0.5,0.08,0.0,0.1,0.08,0.0,5,0.08,0.08,6.163100384903698,606.3242482522967,0.9954455721629214
0.5,0.08,0.0,0.1,0.08,0.0,10,0.08,0.08,11.786234472811493,2545.1177342661676,0.32949625004798
0.5,0.08,0.0,0.2,0.08,0.0,0.01,0.08,0.08,4.045382466788103,160.2603905291244,0.9739020816272388
0.5,0.08,0.0,0.2,0.08,0.0,0.02,0.08,0.08,8.874534447582459,92.11102859060932,0.9874687537531569
0.5,0.08,0.0,0.2,0.08,0.0,0.05,0.08,0.08,9.425683489138885,36.119011505547476,0.9993000427751547
0.5,0.08,0.0,0.2,0.08,0.0,0.1,0.08,0.08,3.163383230144588,18.809011559442382,0.9998993264534091
0.5,0.08,0.0,0.2,0.08,0.0,0.2,0.08,0.08,0.411777276953892,21.033384746735518,0.996800795089801
0.5,0.08,0.0,0.2,0.08,0.0,0.5,0.08,0.08,3.321128640262167,35.40448523245703,0.538201118527173
0.5,0.08,0.0,0.2,0.08,0.0,1,0.08,0.08,2.5005763707690423,82.85416977815595,0.9897332500830605
0.5,0.08,0.0,0.2,0.08,0.0,2,0.08,0.08,0.9518371585074455,40.314196119230175,0.9918709480619079
0.5,0.08,0.0,0.2,0.08,0.0,5,0.08,0.08,2.1721187790204444,193.5979851340499,0.9840818386463885
0.5,0.08,0.0,0.2,0.08,0.0,10,0.08,0.08,37.00615327891062,1668.9114114576441,0.42050268108551375
0.5,0.08,0.0,0.5,0.08,0.0,0.01,0.08,0.08,52.966799598022895,11273.748705321286,0.2724421575002146
0.5,0.08,0.0,0.5,0.08,0.0,0.02,0.08,0.08,3.5820596523405888,31.02730737115877,0.9663375433772426
0.5,0.08,0.0,0.5,0.08,0.0,0.05,0.08,0.08,0.6378717341791206,16.75255510852903,0.9721356497403353
0.5,0.08,0.0,0.5,0.08,0.0,0.1,0.08,0.08,2.83466031478421,1368.2208530726623,0.16535990365201111
0.5,0.08,0.0,0.5,0.08,0.0,0.2,0.08,0.08,0.8577205485720629,16.28456840398956,0.48552887139465783
0.5,0.08,0.0,0.5,0.08,0.0,0.5,0.08,0.08,1.033669195815544,9.58109821623103,0.99282153539574
0.5,0.08,0.0,0.5,0.08,0.0,1,0.08,0.08,1.6372499541669243,27.210816370323272,0.9625487977908824
0.5,0.08,0.0,0.5,0.08,0.0,2,0.08,0.08,3.7005743878092985,101.21799886893021,0.9960496200793352
0.5,0.08,0.0,0.5,0.08,0.0,5,0.08,0.08,34.08275012062119,821.4439891138485,0.8081346605482891
0.5,0.08,0.0,0.5,0.08,0.0,10,0.08,0.08,17.270133665250835,406.18583331931467,0.8454231316858781
0.5,0.08,0.0,1,0.08,0.0,0.01,0.08,0.08,26.4705370464212,172.86384735590295,0.8861735362321956
0.5,0.08,0.0,1,0.08,0.0,0.02,0.08,0.08,9.162372901815274,742.7121283078293,0.888627400014203
0.5,0.08,0.0,1,0.08,0.0,0.05,0.08,0.08,3.9552337709116565,28.56025927527761,0.963442519146751
0.5,0.08,0.0,1,0.08,0.0,0.1,0.08,0.08,1.3065010642683894,18.47822205753621,0.989651349751004
0.5,0.08,0.0,1,0.08,0.0,0.2,0.08,0.08,0.3281214420404134,7.982890507909372,0.8155194801690344
0.5,0.08,0.0,1,0.08,0.0,0.5,0.08,0.08,1.59489075003971,163.41742232977063,0.5248410187307656
0.5,0.08,0.0,1,0.08,0.0,1,0.08,0.08,0.7350817029602107,168.0030345491649,0.8064165017775593
0.5,0.08,0.0,1,0.08,0.0,2,0.08,0.08,11.74388257456289,331.5720339225629,0.9461860320406108
0.5,0.08,0.0,1,0.08,0.0,5,0.08,0.08,9.748233402842851,531.0140010834442,0.9626207111747354
0.5,0.08,0.0,1,0.08,0.0,10,0.08,0.08,29.559309298417908,917.4708265129866,0.997674862154227
0.5,0.08,0.0,2,0.08,0.0,0.01,0.08,0.08,3.489183233441326,28.64467715500276,0.9546934186209413
0.5,0.08,0.0,2,0.08,0.0,0.02,0.08,0.08,57.205332671737565,1124.5106133849558,0.17459639945893932
0.5,0.08,0.0,2,0.08,0.0,0.05,0.08,0.08,15.022328767705496,887.1751158459726,0.1491915040563121
0.5,0.08,0.0,2,0.08,0.0,0.1,0.08,0.08,4.095709169215757,27.003127162238645,0.9724441764876189
0.5,0.08,0.0,2,0.08,0.0,0.2,0.08,0.08,0.3161672406846579,14.623209668031999,0.993153351883916
0.5,0.08,0.0,2,0.08,0.0,0.5,0.08,0.08,0.29632197297252877,69.25910571858286,0.3109162619098537
0.5,0.08,0.0,2,0.08,0.0,1,0.08,0.08,1.9717428586933115,11.922908747369636,0.999843731956802
0.5,0.08,0.0,2,0.08,0.0,2,0.08,0.08,0.709269280286458,50.49807033872847,0.9988620367074087
0.5,0.08,0.0,2,0.08,0.0,5,0.08,0.08,3.4207604772019686,265.4220300143987,0.7635990755545355
0.5,0.08,0.0,2,0.08,0.0,10,0.08,0.08,38.43426238249104,1018.614582155448,0.9484906836695743
0.5,0.08,0.0,5,0.08,0.0,0.01,0.08,0.08,4.7111597282706255,36.49037968859602,0.9726279535950183
0.5,0.08,0.0,5,0.08,0.0,0.02,0.08,0.08,0.844142774738575,28.030255249132246,0.9622340869111585
0.5,0.08,0.0,5,0.08,0.0,0.05,0.08,0.08,8.128533262017626,26.682944293726486,0.9878743103981995
0.5,0.08,0.0,5,0.08,0.0,0.1,0.08,0.08,6.466978940792199,1318.0893769069519,0.2274875048312817
0.5,0.08,0.0,5,0.08,0.0,0.2,0.08,0.08,4.651095922760073,26.329275282657722,0.9855041840372472
0.5,0.08,0.0,5,0.08,0.0,0.5,0.08,0.08,0.7854849768687739,15.751926879715011,0.9985308722138104
0.5,0.08,0.0,5,0.08,0.0,1,0.08,0.08,1.352323701920199,12.58467816724669,0.999577467461555
0.5,0.08,0.0,5,0.08,0.0,2,0.08,0.08,0.8252844707783181,21.295609725997295,0.9999083153239641
0.5,0.08,0.0,5,0.08,0.0,5,0.08,0.08,39.029152029206806,1029.5335333944117,0.791326160364517
0.5,0.08,0.0,5,0.08,0.0,10,0.08,0.08,27.439141615935803,2577.68540897292,0.7532203494989249
0.5,0.08,0.0,10,0.08,0.0,0.01,0.08,0.08,38.911786020231595,1726.3104105308423,0.5566224461219041
0.5,0.08,0.0,10,0.08,0.0,0.02,0.08,0.08,6.360760434107075,20.505173363264248,0.998685584792548
0.5,0.08,0.0,10,0.08,0.0,0.05,0.08,0.08,17.997968105227123,561.2425264909398,0.44273965582588637
0.5,0.08,0.0,10,0.08,0.0,0.1,0.08,0.08,7.326818801500049,15.935757839102797,0.9999932839484164
0.5,0.08,0.0,10,0.08,0.0,0.2,0.08,0.08,13.062404348848215,815.1478209331925,0.29940760481818174
0.5,0.08,0.0,10,0.08,0.0,0.5,0.08,0.08,8.6492960927855,409.71878228703065,0.38004075594969694
0.5,0.08,0.0,10,0.08,0.0,1,0.08,0.08,3.2872608796708334,523.8950350098037,0.771474480878918
0.5,0.08,0.0,10,0.08,0.0,2,0.08,0.08,20.060230362633583,745.6520182178585,0.7914810686191379
0.5,0.08,0.0,10,0.08,0.0,5,0.08,0.08,88.83735300644541,1141.630543941736,0.39415292833770466
0.5,0.08,0.0,10,0.08,0.0,10,0.08,0.08,25.265749939971567,1302.1786112061616,0.656736426200828
1,0.08,0.0,0.01,0.08,0.0,0.01,0.08,0.08,9.534316874825379,83.67848186654251,0.9313342132300706
1,0.08,0.0,0.01,0.08,0.0,0.02,0.08,0.08,1.2385349440065605,160.0656919976132,0.1611395395060848
1,0.08,0.0,0.01,0.08,0.0,0.05,0.08,0.08,1.9681713386986934,20.04134863036004,0.9231648741488951
1,0.08,0.0,0.01,0.08,0.0,0.1,0.08,0.08,17.923975155900003,694.4451823069247,0.581624235355374
1,0.08,0.0,0.01,0.08,0.0,0.2,0.08,0.08,11.933790251461483,1975.4098800294619,0.1851258592040934
1,0.08,0.0,0.01,0.08,0.0,0.5,0.08,0.08,0.339216191162794,27.836789965398367,0.9454078126857896
1,0.08,0.0,0.01,0.08,0.0,1,0.08,0.08,11.102290384773225,700.3857756781534,0.39784433953803144
1,0.08,0.0,0.01,0.08,0.0,2,0.08,0.08,0.45028157161902643,247.29549383775444,0.36322804946222736
1,0.08,0.0,0.01,0.08,0.0,5,0.08,0.08,118.85307089623521,419.838575298457,0.6279203014609918
1,0.08,0.0,0.01,0.08,0.0,10,0.08,0.08,3.745039325335788,71.63471241414737,0.9999415053799455
1,0.08,0.0,0.02,0.08,0.0,0.01,0.08,0.08,66.99642041772609,2417.233008995576,0.2925429857819524
1,0.08,0.0,0.02,0.08,0.0,0.02,0.08,0.08,1.1407866305265681,30.602722539740842,0.25897734812950673
1,0.08,0.0,0.02,0.08,0.0,0.05,0.08,0.08,2.66736029961442,110.56825603754211,0.34046458943352925
1,0.08,0.0,0.02,0.08,0.0,0.1,0.08,0.08,3.3277347557472488,24.674043899147982,0.9983869262457372
1,0.08,0.0,0.02,0.08,0.0,0.2,0.08,0.08,16.96680025087545,995.1952671407386,0.6675907907399079
1,0.08,0.0,0.02,0.08,0.0,0.5,0.08,0.08,21.552342577491352,1144.903842164904,0.3909237198159681
1,0.08,0.0,0.02,0.08,0.0,1,0.08,0.08,29.328997380364058,2777.164171620223,0.3440843278846656
1,0.08,0.0,0.02,0.08,0.0,2,0.08,0.08,179.4927217011231,320.84356987537984,0.3009827200463473
1,0.08,0.0,0.02,0.08,0.0,5,0.08,0.08,15.900145806737642,218.2878368881462,0.8727663460145433
1,0.08,0.0,0.02,0.08,0.0,10,0.08,0.08,11.008615776861372,1871.119730398604,0.5581270013563207
1,0.08,0.0,0.05,0.08,0.0,0.01,0.08,0.08,17.796543582580828,159.26282387280392,0.7317929898934911
1,0.08,0.0,0.05,0.08,0.0,0.02,0.08,0.08,11.196555936333,133.7417821586274,0.9391263706426702
1,0.08,0.0,0.05,0.08,0.0,0.05,0.08,0.08,1.1235661578525855,24.758660563763748,0.9988187609479773
1,0.08,0.0,0.05,0.08,0.0,0.1,0.08,0.08,0.6792919693290224,6.046387089132421,0.991423807548883
1,0.08,0.0,0.05,0.08,0.0,0.2,0.08,0.08,7.608850129343304,439.1514580662326,0.28748742680643413
1,0.08,0.0,0.05,0.08,0.0,0.5,0.08,0.08,12.517022540193175,38.1460319826329,0.8978682824956716
1,0.08,0.0,0.05,0.08,0.0,1,0.08,0.08,1.8699578605259286,130.82510560468046,0.9963041924383234
1,0.08,0.0,0.05,0.08,0.0,2,0.08,0.08,0.4380005863059409,23.482436699388522,0.9979913646665085
1,0.08,0.0,0.05,0.08,0.0,5,0.08,0.08,9.333999037400938,192.62655479215445,0.49520396559277663
1,0.08,0.0,0.05,0.08,0.0,10,0.08,0.08,48.6287111860679,2865.0911830048367,0.48484192934283193
1,0.08,0.0,0.1,0.08,0.0,0.01,0.08,0.08,53.13503342499872,2781.215434737974,0.9317598518860777
1,0.08,0.0,0.1,0.08,0.0,0.02,0.08,0.08,9.13864923061628,1281.1807558030287,0.31979576945006366
1,0.08,0.0,0.1,0.08,0.0,0.05,0.08,0.08,2.2768043615219473,31.97751990910701,0.8961673317375677
1,0.08,0.0,0.1,0.08,0.0,0.1,0.08,0.08,19.496311608263408,1727.988831176571,0.17676617332795921
1,0.08,0.0,0.1,0.08,0.0,0.2,0.08,0.08,12.718091089842329,1953.4582077083971,0.1776131585283958
1,0.08,0.0,0.1,0.08,0.0,0.5,0.08,0.08,14.743366565948783,867.9398756768603,0.25584088309343306
1,0.08,0.0,0.1,0.08,0.0,1,0.08,0.08,0.5275441978189553,9.31526077080425,0.9991874798617668
1,0.08,0.0,0.1,0.08,0.0,2,0.08,0.08,13.115880678434376,173.08787963022016,0.9957861657811236
1,0.08,0.0,0.1,0.08,0.0,5,0.08,0.08,4.685548552039111,340.5907133397359,0.11941355063629867
1,0.08,0.0,0.1,0.08,0.0,10,0.08,0.08,31.490079404853674,645.5795086132348,0.7636707037028729
1,0.08,0.0,0.2,0.08,0.0,0.01,0.08,0.08,23.20421338157204,1371.030895931508,0.32579246159335734
1,0.08,0.0,0.2,0.08,0.0,0.02,0.08,0.08,11.435541272278297,1150.5070061408683,0.4145776545684806
1,0.08,0.0,0.2,0.08,0.0,0.05,0.08,0.08,8.075246490538383,32.15102781254875,0.4849443226904576
1,0.08,0.0,0.2,0.08,0.0,0.1,0.08,0.08,1.598454098616825,29.26880226252307,0.7960085055560177
1,0.08,0.0,0.2,0.08,0.0,0.2,0.08,0.08,25.174632817810966,1677.9622230131106,0.12807178727691332
1,0.08,0.0,0.2,0.08,0.0,0.5,0.08,0.08,4.8914323018466925,440.71407490011325,0.2315226712665142
1,0.08,0.0,0.2,0.08,0.0,1,0.08,0.08,0.6506936507017251,27.30057049037966,0.9948782518197734
1,0.08,0.0,0.2,0.08,0.0,2,0.08,0.08,3.625072927708228,18.289266633696137,0.9999517474670518
1,0.08,0.0,0.2,0.08,0.0,5,0.08,0.08,7.222432386409821,255.4678086810421,0.9940924170725357
1,0.08,0.0,0.2,0.08,0.0,10,0.08,0.08,5.645484445875843,3621.7922822925234,0.4585565179566237
1,0.08,0.0,0.5,0.08,0.0,0.01,0.08,0.08,33.491227585522324,158.80010390890965,0.6580728030904446
1,0.08,0.0,0.5,0.08,0.0,0.02,0.08,0.08,22.087791308031335,150.4853013344046,0.9147064256987668
1,0.08,0.0,0.5,0.08,0.0,0.05,0.08,0.08,0.16196851308718116,10.070905706892377,0.9263566569446918
1,0.08,0.0,0.5,0.08,0.0,0.1,0.08,0.08,0.6942900895495757,5.017144194103265,0.9945681285671999
1,0.08,0.0,0.5,0.08,0.0,0.2,0.08,0.08,4.247032188655686,9.962871867000073,0.9999976768495151
1,0.08,0.0,0.5,0.08,0.0,0.5,0.08,0.08,2.2800971069870237,17.133526023455683,0.9995253849621654
1,0.08,0.0,0.5,0.08,0.0,1,0.08,0.08,1.4413895695437888,27.82890927271898,0.9906146529265345
1,0.08,0.0,0.5,0.08,0.0,2,0.08,0.08,2.0574772487090165,40.60997273957382,0.9996538104613182
1,0.08,0.0,0.5,0.08,0.0,5,0.08,0.08,9.12308779617779,59.68762627116507,0.99588641096505
1,0.08,0.0,0.5,0.08,0.0,10,0.08,0.08,28.235660997984017,2038.3792660724944,0.5641493840832619
1,0.08,0.0,1,0.08,0.0,0.01,0.08,0.08,101.08508285105324,2528.4593202353763,0.7238615271201976
1,0.08,0.0,1,0.08,0.0,0.02,0.08,0.08,1.5161852643439309,159.54754163822722,0.9714015183743366
1,0.08,0.0,1,0.08,0.0,0.05,0.08,0.08,3.296050857734058,16.7171400077744,0.9816801957096367
1,0.08,0.0,1,0.08,0.0,0.1,0.08,0.08,16.811014159541052,2469.8923901809126,0.26873776504540914
1,0.08,0.0,1,0.08,0.0,0.2,0.08,0.08,5.149415131547414,763.4387270363139,0.35056974912868977
1,0.08,0.0,1,0.08,0.0,0.5,0.08,0.08,5.454735528089403,50.28835506639878,0.6542167109701048
1,0.08,0.0,1,0.08,0.0,1,0.08,0.08,1.959812918180057,29.859411916590773,0.9774882532995843
1,0.08,0.0,1,0.08,0.0,2,0.08,0.08,7.184053187407383,412.50620265573946,0.8385843073083943
1,0.08,0.0,1,0.08,0.0,5,0.08,0.08,8.93066601717944,346.1106738014636,0.9574052883505447
1,0.08,0.0,1,0.08,0.0,10,0.08,0.08,19.599578428111332,728.0476001860795,0.9803275195141163
1,0.08,0.0,2,0.08,0.0,0.01,0.08,0.08,38.70817378523358,3138.78129911041,0.313734018762981
1,0.08,0.0,2,0.08,0.0,0.02,0.08,0.08,24.287500023708784,1060.20379092973,0.6214821160172721
1,0.08,0.0,2,0.08,0.0,0.05,0.08,0.08,3.775424272432692,82.45140156497918,0.974146790800036
1,0.08,0.0,2,0.08,0.0,0.1,0.08,0.08,1.5832827800460785,14.275548042678782,0.9833012552288981
1,0.08,0.0,2,0.08,0.0,0.2,0.08,0.08,23.967554645967503,1225.7098498454684,0.3106551952249688
1,0.08,0.0,2,0.08,0.0,0.5,0.08,0.08,13.581022517881408,1092.0514306149141,0.5730392097028695
1,0.08,0.0,2,0.08,0.0,1,0.08,0.08,4.0735788213227195,605.7669358676986,0.5750706165677023
1,0.08,0.0,2,0.08,0.0,2,0.08,0.08,2.5257434325218706,304.92642395676785,0.9664724223248979
1,0.08,0.0,2,0.08,0.0,5,0.08,0.08,19.05930839671097,208.1271132583366,0.9318561360174441
1,0.08,0.0,2,0.08,0.0,10,0.08,0.08,24.63296342304355,379.4916878648489,0.9952234831675061
1,0.08,0.0,5,0.08,0.0,0.01,0.08,0.08,1.4432315331816836,29.46290169608788,0.9331448950881317
1,0.08,0.0,5,0.08,0.0,0.02,0.08,0.08,6.542929223519888,29.826080921052274,0.9829880355154521
1,0.08,0.0,5,0.08,0.0,0.05,0.08,0.08,48.336919568959836,1552.7387562379347,0.29137628390044923
1,0.08,0.0,5,0.08,0.0,0.1,0.08,0.08,3.210109732192981,56.74618790371602,0.9704883743645226
1,0.08,0.0,5,0.08,0.0,0.2,0.08,0.08,0.22171011719687858,13.006206423723592,0.99705577422508
1,0.08,0.0,5,0.08,0.0,0.5,0.08,0.08,0.508488963819384,14.121779620092088,0.9992410374591728
1,0.08,0.0,5,0.08,0.0,1,0.08,0.08,1.408081902071538,13.32143980585894,0.9996405989572972
1,0.08,0.0,5,0.08,0.0,2,0.08,0.08,3.0061802364262857,25.688604549646264,0.3880688506458303
1,0.08,0.0,5,0.08,0.0,5,0.08,0.08,1.134919997750699,234.6631630554381,0.79183793285056
1,0.08,0.0,5,0.08,0.0,10,0.08,0.08,36.68556435364318,2218.916071317942,0.9777848191241968
1,0.08,0.0,10,0.08,0.0,0.01,0.08,0.08,1.632655069678779,30.702052847603277,0.9977790907806855
1,0.08,0.0,10,0.08,0.0,0.02,0.08,0.08,34.95318579552448,1591.2270626548466,0.20258518042934442
1,0.08,0.0,10,0.08,0.0,0.05,0.08,0.08,0.6616257690868412,17.653355814092933,0.998577879151622
1,0.08,0.0,10,0.08,0.0,0.1,0.08,0.08,37.76018603792759,2953.3732330247567,0.2388973217079317
1,0.08,0.0,10,0.08,0.0,0.2,0.08,0.08,22.411757538071427,839.721018104566,0.3851057430771643
1,0.08,0.0,10,0.08,0.0,0.5,0.08,0.08,3.409118937066744,900.4444300403226,0.23916702079999977
1,0.08,0.0,10,0.08,0.0,1,0.08,0.08,9.470700445736755,416.4115748559423,0.40539231743310433
1,0.08,0.0,10,0.08,0.0,2,0.08,0.08,0.6383328372195642,120.42589004058614,0.11980013742880045
1,0.08,0.0,10,0.08,0.0,5,0.08,0.08,8.74723200654575,228.25237186512012,0.9987014135699959
1,0.08,0.0,10,0.08,0.0,10,0.08,0.08,3.7009262451795792,88.35795380349312,0.999283372015687
2,0.08,0.0,0.01,0.08,0.0,0.01,0.08,0.08,19.473581307890154,872.9706032128491,0.687980491384105
2,0.08,0.0,0.01,0.08,0.0,0.02,0.08,0.08,7.882173664648024,22.17023487801704,0.6983702972042608
2,0.08,0.0,0.01,0.08,0.0,0.05,0.08,0.08,23.077445043785904,1088.018320580081,0.2111745917023732
2,0.08,0.0,0.01,0.08,0.0,0.1,0.08,0.08,69.44178932091603,6449.15194086276,0.2642892098230482
2,0.08,0.0,0.01,0.08,0.0,0.2,0.08,0.08,3.639575294978706,3342.810423228577,0.16475215308642951
2,0.08,0.0,0.01,0.08,0.0,0.5,0.08,0.08,0.8347983006895409,75.30686421245107,0.9869919932089785
2,0.08,0.0,0.01,0.08,0.0,1,0.08,0.08,0.36636834133605706,9.258444128357098,0.9940581901447142
2,0.08,0.0,0.01,0.08,0.0,2,0.08,0.08,0.5097106716352752,26.163748430463357,0.9544590426378645
2,0.08,0.0,0.01,0.08,0.0,5,0.08,0.08,1.1616484275526997,176.24380764433485,0.9982671809973405
2,0.08,0.0,0.01,0.08,0.0,10,0.08,0.08,35.495577106686135,1089.812600490419,0.7856776263270405
2,0.08,0.0,0.02,0.08,0.0,0.01,0.08,0.08,3.0667281860142985,2554.4015909532177,0.29739726315651727
2,0.08,0.0,0.02,0.08,0.0,0.02,0.08,0.08,3.742450444837232,109.79402220607672,0.36963832794682955
2,0.08,0.0,0.02,0.08,0.0,0.05,0.08,0.08,12.917609686161967,98.69421983001627,0.6779907973617577
2,0.08,0.0,0.02,0.08,0.0,0.1,0.08,0.08,15.191036762769977,2380.573216784063,0.15803545767448057
2,0.08,0.0,0.02,0.08,0.0,0.2,0.08,0.08,51.26996596432578,6623.0945064857415,0.20560690390458286
2,0.08,0.0,0.02,0.08,0.0,0.5,0.08,0.08,127.688226016425,1662.4610789219537,0.3942053738913055
2,0.08,0.0,0.02,0.08,0.0,1,0.08,0.08,4.177324716405214,1011.0903673965637,0.9101241322632546
2,0.08,0.0,0.02,0.08,0.0,2,0.08,0.08,1.1063978994628871,101.67450640981109,0.37697206862376775
2,0.08,0.0,0.02,0.08,0.0,5,0.08,0.08,8.068496096996348,102.4320538118671,0.5287128381395778
2,0.08,0.0,0.02,0.08,0.0,10,0.08,0.08,23.671684824377486,2682.5568580167114,0.11346808577134501
2,0.08,0.0,0.05,0.08,0.0,0.01,0.08,0.08,14.93558023043255,452.7727522190018,0.2062743778856067
2,0.08,0.0,0.05,0.08,0.0,0.02,0.08,0.08,2.366879151125622,28.870439323525183,0.9956753730312231
2,0.08,0.0,0.05,0.08,0.0,0.05,0.08,0.08,0.1421406899832989,15.154566358154412,0.9159089070833922
2,0.08,0.0,0.05,0.08,0.0,0.1,0.08,0.08,19.006071771895417,1714.6245972839502,0.33985846214071724
2,0.08,0.0,0.05,0.08,0.0,0.2,0.08,0.08,16.46146571632611,1789.6260591388013,0.26189287398489275
2,0.08,0.0,0.05,0.08,0.0,0.5,0.08,0.08,10.422585125949198,1768.9482709685824,0.29397546798426377
2,0.08,0.0,0.05,0.08,0.0,1,0.08,0.08,11.566663201509323,1235.3225539340335,0.609023444608297
2,0.08,0.0,0.05,0.08,0.0,2,0.08,0.08,21.994551580892786,1020.9858758517481,0.39681299663755654
2,0.08,0.0,0.05,0.08,0.0,5,0.08,0.08,40.639583972172005,1178.0913712996103,0.6110149021987543
2,0.08,0.0,0.05,0.08,0.0,10,0.08,0.08,30.858601773326814,389.0395593581281,0.9942305866969705
2,0.08,0.0,0.1,0.08,0.0,0.01,0.08,0.08,44.31787907968239,1536.034486071487,0.3914144912628909
2,0.08,0.0,0.1,0.08,0.0,0.02,0.08,0.08,6.2055140201063175,38.94432160636775,0.874943905514062
2,0.08,0.0,0.1,0.08,0.0,0.05,0.08,0.08,21.15532091331912,3753.199931707221,0.2846266672865271
2,0.08,0.0,0.1,0.08,0.0,0.1,0.08,0.08,4.603181917927081,149.79336434868668,0.49679548537764784
2,0.08,0.0,0.1,0.08,0.0,0.2,0.08,0.08,46.255436641195075,2702.1499300128453,0.11252983719958772
2,0.08,0.0,0.1,0.08,0.0,0.5,0.08,0.08,1.4894130582705012,16.6548060620494,0.9895245444384358
2,0.08,0.0,0.1,0.08,0.0,1,0.08,0.08,8.130404113189288,59.93241766166765,0.9971595636746526
2,0.08,0.0,0.1,0.08,0.0,2,0.08,0.08,1.0255229270029749,27.01795681561224,0.9968106996328938
2,0.08,0.0,0.1,0.08,0.0,5,0.08,0.08,10.852800855932724,280.7413779661666,0.9582053079563063
2,0.08,0.0,0.1,0.08,0.0,10,0.08,0.08,70.7759649730424,805.1987451954898,0.9993524694809989
2,0.08,0.0,0.2,0.08,0.0,0.01,0.08,0.08,90.93383653500642,935.2260691706666,0.15858324796717777
2,0.08,0.0,0.2,0.08,0.0,0.02,0.08,0.08,25.779083734328275,1288.8993496871014,0.27957396025411047
2,0.08,0.0,0.2,0.08,0.0,0.05,0.08,0.08,8.615424127798331,930.3240150953721,0.32528300910036306
2,0.08,0.0,0.2,0.08,0.0,0.1,0.08,0.08,31.556420726585,2665.007153885165,0.3131433963530765
2,0.08,0.0,0.2,0.08,0.0,0.2,0.08,0.08,4.980205017983454,1986.0734267092562,0.3047560373458385
2,0.08,0.0,0.2,0.08,0.0,0.5,0.08,0.08,1.247733725186594,34.57415003368729,0.9569198391458423
2,0.08,0.0,0.2,0.08,0.0,1,0.08,0.08,8.015393920518331,18.239132529024886,0.9998992481004448
2,0.08,0.0,0.2,0.08,0.0,2,0.08,0.08,10.930989567772473,1387.5147073493608,0.40052439428998
2,0.08,0.0,0.2,0.08,0.0,5,0.08,0.08,18.1760851668715,1529.456156308913,0.8609870402287151
2,0.08,0.0,0.2,0.08,0.0,10,0.08,0.08,46.774776235717745,3087.3734892671887,0.15341977700595394
2,0.08,0.0,0.5,0.08,0.0,0.01,0.08,0.08,57.846097477269616,2222.847049760306,0.6592674841113365
2,0.08,0.0,0.5,0.08,0.0,0.02,0.08,0.08,4.886023872170852,53.617802385633354,0.7768179900837968
2,0.08,0.0,0.5,0.08,0.0,0.05,0.08,0.08,0.6640021866863957,7.195327079590963,0.9502521501832477
2,0.08,0.0,0.5,0.08,0.0,0.1,0.08,0.08,0.47722887253674545,13.682644469847526,0.9771933918306411
2,0.08,0.0,0.5,0.08,0.0,0.2,0.08,0.08,3.378744530616996,63.108108681970236,0.9879322527695489
2,0.08,0.0,0.5,0.08,0.0,0.5,0.08,0.08,43.25786498018965,1308.7361762006146,0.5748439067764332
2,0.08,0.0,0.5,0.08,0.0,1,0.08,0.08,32.39086951908166,785.5073957114289,0.7633554293677599
2,0.08,0.0,0.5,0.08,0.0,2,0.08,0.08,1.5371554406312766,90.9519508471462,0.32950983394250644
2,0.08,0.0,0.5,0.08,0.0,5,0.08,0.08,13.825266812494592,430.86846298826566,0.9105526046603336
2,0.08,0.0,0.5,0.08,0.0,10,0.08,0.08,49.426383766368815,2299.76117085166,0.8056067565157475
2,0.08,0.0,1,0.08,0.0,0.01,0.08,0.08,0.5487795921977782,131.6654399326948,0.7982896671703487
2,0.08,0.0,1,0.08,0.0,0.02,0.08,0.08,2.3246250977946645,22.657426281476983,0.9603325811720476
2,0.08,0.0,1,0.08,0.0,0.05,0.08,0.08,42.813677564829256,4423.282383588931,0.2955931007090201
2,0.08,0.0,1,0.08,0.0,0.1,0.08,0.08,2.1095550735023756,2988.080532554357,0.08448110045571412
2,0.08,0.0,1,0.08,0.0,0.2,0.08,0.08,11.839838731989357,80.83917068311082,0.39329098133369766
2,0.08,0.0,1,0.08,0.0,0.5,0.08,0.08,17.56318887450217,142.4409694236184,0.7870376346399706
2,0.08,0.0,1,0.08,0.0,1,0.08,0.08,16.204461278375668,1227.6894714883394,0.6007993476056661
2,0.08,0.0,1,0.08,0.0,2,0.08,0.08,10.174318422825287,161.13401748560474,0.39510148189003813
2,0.08,0.0,1,0.08,0.0,5,0.08,0.08,1.595138610424965,231.9356242202126,0.9655899768353178
2,0.08,0.0,1,0.08,0.0,10,0.08,0.08,15.075573873691637,270.8805020677532,0.9973894433200218
2,0.08,0.0,2,0.08,0.0,0.01,0.08,0.08,74.52838365481567,1063.7918376791642,0.53413504637888
2,0.08,0.0,2,0.08,0.0,0.02,0.08,0.08,3.0115792353922854,55.083493338741604,0.8796173472446163
2,0.08,0.0,2,0.08,0.0,0.05,0.08,0.08,2.6396645762866453,27.444091218288584,0.9616758779201046
2,0.08,0.0,2,0.08,0.0,0.1,0.08,0.08,1.584459293370422,21.913484530137012,0.6968035931846249
2,0.08,0.0,2,0.08,0.0,0.2,0.08,0.08,10.140692421653215,2042.4828920623127,0.17463833982301336
2,0.08,0.0,2,0.08,0.0,0.5,0.08,0.08,19.48817519692436,1574.4975107682158,0.35321142154123275
2,0.08,0.0,2,0.08,0.0,1,0.08,0.08,0.7611575350457194,20.649952935324816,0.9305774034027584
2,0.08,0.0,2,0.08,0.0,2,0.08,0.08,5.514618043217142,928.0426476483854,0.6512256568081274
2,0.08,0.0,2,0.08,0.0,5,0.08,0.08,5.288378479178064,311.17712457122536,0.9878867206311945
2,0.08,0.0,2,0.08,0.0,10,0.08,0.08,4.748011344158899,261.3344427002255,0.4118585174865885
2,0.08,0.0,5,0.08,0.0,0.01,0.08,0.08,3.8892475081425326,19.368332798713027,0.6845181570467427
2,0.08,0.0,5,0.08,0.0,0.02,0.08,0.08,50.43546466686263,1544.626389740893,0.7024303042331947
2,0.08,0.0,5,0.08,0.0,0.05,0.08,0.08,1.7636086159369195,54.36870906798739,0.908334381175185
2,0.08,0.0,5,0.08,0.0,0.1,0.08,0.08,0.3157616131991117,14.110857269026061,0.9665045664828386
2,0.08,0.0,5,0.08,0.0,0.2,0.08,0.08,1.4301909369777244,21.49603428000999,0.9603133632566261
2,0.08,0.0,5,0.08,0.0,0.5,0.08,0.08,3.4451381650544235,20.780155983684246,0.9990456111110946
2,0.08,0.0,5,0.08,0.0,1,0.08,0.08,9.448730498961076,2424.806279247556,0.16037677643402845
2,0.08,0.0,5,0.08,0.0,2,0.08,0.08,2.6458533153642043,5969.005492870525,0.5357518812859328
2,0.08,0.0,5,0.08,0.0,5,0.08,0.08,51.982918529572906,729.9694771703996,0.9936450188775617
2,0.08,0.0,5,0.08,0.0,10,0.08,0.08,7.67368544251594,800.2250056001674,0.9932002089186955
2,0.08,0.0,10,0.08,0.0,0.01,0.08,0.08,2.2335998612855255,108.53162294350868,0.9954091278806104
2,0.08,0.0,10,0.08,0.0,0.02,0.08,0.08,1.757344503671774,20.08031257818451,0.9874458155476783
2,0.08,0.0,10,0.08,0.0,0.05,0.08,0.08,30.817194723198675,6773.650957851651,0.11773697510581468
2,0.08,0.0,10,0.08,0.0,0.1,0.08,0.08,13.382796267587151,929.0831687852975,0.2771517105952314
2,0.08,0.0,10,0.08,0.0,0.2,0.08,0.08,38.093597816043804,3418.311374059419,0.03454045687750913
2,0.08,0.0,10,0.08,0.0,0.5,0.08,0.08,4.680983078128301,1727.3890602357005,0.36092501511351366
2,0.08,0.0,10,0.08,0.0,1,0.08,0.08,1.5921404628142244,62.670201507203444,0.9742282910319676
2,0.08,0.0,10,0.08,0.0,2,0.08,0.08,6.144679026753934,4025.386267806053,0.35029233579459623
2,0.08,0.0,10,0.08,0.0,5,0.08,0.08,29.10213161934491,432.5057528300828,0.6140392294857853
2,0.08,0.0,10,0.08,0.0,10,0.08,0.08,6.522869556986226,411.2662191472467,0.8990099939273235
5,0.08,0.0,0.01,0.08,0.0,0.01,0.08,0.08,8.211682947431582,29.66127799281727,0.8819444666718997
5,0.08,0.0,0.01,0.08,0.0,0.02,0.08,0.08,48.47647026215656,2754.280639317302,0.15566304193430475
5,0.08,0.0,0.01,0.08,0.0,0.05,0.08,0.08,89.1484987594195,13155.696862480274,0.1297877949592852
5,0.08,0.0,0.01,0.08,0.0,0.1,0.08,0.08,85.88161004080051,14818.81938959501,0.7688565738945979
5,0.08,0.0,0.01,0.08,0.0,0.2,0.08,0.08,23.63671951732221,7898.374050614655,0.6067445160405394
5,0.08,0.0,0.01,0.08,0.0,0.5,0.08,0.08,344.71549913614945,1256.9361865473966,0.7538422162957669
5,0.08,0.0,0.01,0.08,0.0,1,0.08,0.08,55.877425621409984,4055.7516922490204,0.0984020286089342
5,0.08,0.0,0.01,0.08,0.0,2,0.08,0.08,7.969600152398521,1183.5087301038207,0.8569063517484862
5,0.08,0.0,0.01,0.08,0.0,5,0.08,0.08,24.5010457003634,3703.6794531526275,0.19492480200491724
5,0.08,0.0,0.01,0.08,0.0,10,0.08,0.08,10.28440290717399,2881.393843849922,0.3035567819826675
5,0.08,0.0,0.02,0.08,0.0,0.01,0.08,0.08,18.96088723831329,315.67477125735246,0.9010363134270883
5,0.08,0.0,0.02,0.08,0.0,0.02,0.08,0.08,16.77898750454931,2528.5478211588984,0.45532009864287304
5,0.08,0.0,0.02,0.08,0.0,0.05,0.08,0.08,22.468654987585218,7164.874518730639,0.45707470388663246
5,0.08,0.0,0.02,0.08,0.0,0.1,0.08,0.08,159.1922446675394,17832.47636345279,0.28716979290176625
5,0.08,0.0,0.02,0.08,0.0,0.2,0.08,0.08,100.66166491716162,4692.484854267385,0.2753237068716921
5,0.08,0.0,0.02,0.08,0.0,0.5,0.08,0.08,40.245459836154005,4212.690860867849,0.25719938460656794
5,0.08,0.0,0.02,0.08,0.0,1,0.08,0.08,19.54682101885749,3053.498202186455,0.5770686966515544
5,0.08,0.0,0.02,0.08,0.0,2,0.08,0.08,90.8184496601289,6147.105940421041,0.16297014605344134
5,0.08,0.0,0.02,0.08,0.0,5,0.08,0.08,22.687914681106154,414.0339748049337,0.7345635622442752
5,0.08,0.0,0.02,0.08,0.0,10,0.08,0.08,20.353359691803096,532.4953601138413,0.5499230104348196
5,0.08,0.0,0.05,0.08,0.0,0.01,0.08,0.08,18.50935659861446,64.71641668437037,0.851042093580424
5,0.08,0.0,0.05,0.08,0.0,0.02,0.08,0.08,5.113140527299619,138.65530949067758,0.2522689006701872
5,0.08,0.0,0.05,0.08,0.0,0.05,0.08,0.08,17.12020727703678,5215.88545392307,0.17225263969577673
5,0.08,0.0,0.05,0.08,0.0,0.1,0.08,0.08,134.39268880320424,7349.896960280709,0.3197084163042458
5,0.08,0.0,0.05,0.08,0.0,0.2,0.08,0.08,5.350672632977563,241.4693251504897,0.7150345105686124
5,0.08,0.0,0.05,0.08,0.0,0.5,0.08,0.08,24.262019644808394,324.51551929005933,0.4068252876120825
5,0.08,0.0,0.05,0.08,0.0,1,0.08,0.08,13.057024061107509,5726.206323520326,0.4715217853108772
5,0.08,0.0,0.05,0.08,0.0,2,0.08,0.08,29.122003813001466,8008.047166918253,0.4561266265419356
5,0.08,0.0,0.05,0.08,0.0,5,0.08,0.08,11.358532819918533,4640.997319152238,0.21796333332168522
5,0.08,0.0,0.05,0.08,0.0,10,0.08,0.08,145.387865402666,3889.6109451883044,0.40646000874379484
5,0.08,0.0,0.1,0.08,0.0,0.01,0.08,0.08,2.5982812138025,70.35236512267764,0.9189015210171799
5,0.08,0.0,0.1,0.08,0.0,0.02,0.08,0.08,38.36283419798556,7957.562387552888,0.9080717663146922
5,0.08,0.0,0.1,0.08,0.0,0.05,0.08,0.08,184.5353843896375,12046.347288128207,0.27354987590516217
5,0.08,0.0,0.1,0.08,0.0,0.1,0.08,0.08,128.2440102853398,13289.6596687448,0.43995750127604794
5,0.08,0.0,0.1,0.08,0.0,0.2,0.08,0.08,0.3495904712753294,46.553873251949895,0.948715550270486
5,0.08,0.0,0.1,0.08,0.0,0.5,0.08,0.08,19.82841576330114,63.42436986887062,0.9946310419464582
5,0.08,0.0,0.1,0.08,0.0,1,0.08,0.08,1.8403585843729744,38.96604602263987,0.9606225249026239
5,0.08,0.0,0.1,0.08,0.0,2,0.08,0.08,1.3005859898194734,170.43986458959563,0.9411392931029225
5,0.08,0.0,0.1,0.08,0.0,5,0.08,0.08,3.283465094702149,338.1828685489754,0.9819864606052282
5,0.08,0.0,0.1,0.08,0.0,10,0.08,0.08,15.543964646150465,869.2606053701913,0.9894881053081547
5,0.08,0.0,0.2,0.08,0.0,0.01,0.08,0.08,30.434857136680712,138.7309309410353,0.9162330910656923
5,0.08,0.0,0.2,0.08,0.0,0.02,0.08,0.08,1.850319570855834,58.04393846181326,0.6878670722399234
5,0.08,0.0,0.2,0.08,0.0,0.05,0.08,0.08,75.33245667639429,17107.234887503764,0.18648560634054479
5,0.08,0.0,0.2,0.08,0.0,0.1,0.08,0.08,23.901711132064833,3597.9446545979545,0.3116731741658976
5,0.08,0.0,0.2,0.08,0.0,0.2,0.08,0.08,4.823560874780688,62.80683798818861,0.8755108579192871
5,0.08,0.0,0.2,0.08,0.0,0.5,0.08,0.08,2.9439963933382374,45.0196184579397,0.9978253173934611
5,0.08,0.0,0.2,0.08,0.0,1,0.08,0.08,16.144044870195003,3279.026349290006,0.13816101724097513
5,0.08,0.0,0.2,0.08,0.0,2,0.08,0.08,37.512449402576976,6109.5211951971,0.31151091696504624
5,0.08,0.0,0.2,0.08,0.0,5,0.08,0.08,17.025160473156824,603.673298626667,0.5074524600962853
5,0.08,0.0,0.2,0.08,0.0,10,0.08,0.08,62.618444040530605,1104.483725766578,0.65523097997906
5,0.08,0.0,0.5,0.08,0.0,0.01,0.08,0.08,64.51966427217089,8896.212739649385,0.22879164749110614
5,0.08,0.0,0.5,0.08,0.0,0.02,0.08,0.08,59.470931778285674,6206.2249298401775,0.32929861552929823
5,0.08,0.0,0.5,0.08,0.0,0.05,0.08,0.08,6.585629685614827,105.32473725682867,0.5204963069147222
5,0.08,0.0,0.5,0.08,0.0,0.1,0.08,0.08,6.956211860014112,32.1593205410991,0.7498533591576192
5,0.08,0.0,0.5,0.08,0.0,0.2,0.08,0.08,40.09430305706678,6570.994227829287,0.34730103134238544
5,0.08,0.0,0.5,0.08,0.0,0.5,0.08,0.08,16.747867288388445,3277.387748557862,0.667093666639477
5,0.08,0.0,0.5,0.08,0.0,1,0.08,0.08,8.935686712087058,2177.4209762289624,0.4148729947959396
5,0.08,0.0,0.5,0.08,0.0,2,0.08,0.08,17.83573461324671,4036.475431332299,0.20550529402911144
5,0.08,0.0,0.5,0.08,0.0,5,0.08,0.08,71.94202637494604,4238.089781159972,0.30198785609121803
5,0.08,0.0,0.5,0.08,0.0,10,0.08,0.08,4.398241144174799,622.4859546304032,0.9844305232262073
5,0.08,0.0,1,0.08,0.0,0.01,0.08,0.08,7.140936119381131,69.28582701395257,0.948911680809903
5,0.08,0.0,1,0.08,0.0,0.02,0.08,0.08,51.94302005319781,11856.778919553348,0.30109266484114705
5,0.08,0.0,1,0.08,0.0,0.05,0.08,0.08,1.7238008627670336,74.15592410157493,0.9994894614882048
5,0.08,0.0,1,0.08,0.0,0.1,0.08,0.08,6.779036745349351,54.055320212376486,0.9998787033403227
5,0.08,0.0,1,0.08,0.0,0.2,0.08,0.08,2.7194967604531213,11.825638175957613,0.9994559915077114
5,0.08,0.0,1,0.08,0.0,0.5,0.08,0.08,4.5481218350430455,26.35801317095968,0.9824434499239687
5,0.08,0.0,1,0.08,0.0,1,0.08,0.08,0.406086166150107,125.39079321356391,0.9992230746449842
5,0.08,0.0,1,0.08,0.0,2,0.08,0.08,0.4708005029946615,113.37257180280433,0.9833550096113912
5,0.08,0.0,1,0.08,0.0,5,0.08,0.08,7.342442857868083,1507.1479338455163,0.34378615756528613
5,0.08,0.0,1,0.08,0.0,10,0.08,0.08,139.64538824992152,2194.017337822709,0.6137055702088424
5,0.08,0.0,2,0.08,0.0,0.01,0.08,0.08,21.639679125026888,2323.582301281195,0.12979039777429507
5,0.08,0.0,2,0.08,0.0,0.02,0.08,0.08,21.842751636018477,381.1050521710683,0.500335966161717
5,0.08,0.0,2,0.08,0.0,0.05,0.08,0.08,3.1325702370956194,142.8287118223464,0.08544498658370797
5,0.08,0.0,2,0.08,0.0,0.1,0.08,0.08,0.45084355811663773,9.973152102598311,0.8852431586953845
5,0.08,0.0,2,0.08,0.0,0.2,0.08,0.08,0.4819962302304682,19.99792250024055,0.967962280184013
5,0.08,0.0,2,0.08,0.0,0.5,0.08,0.08,0.1514319492142699,23.37708042615089,0.9784147181243976
5,0.08,0.0,2,0.08,0.0,1,0.08,0.08,8.296916549072288,725.8439122477205,0.14933989935048053
5,0.08,0.0,2,0.08,0.0,2,0.08,0.08,30.784067823273812,969.9029999708221,0.2561783397409728
5,0.08,0.0,2,0.08,0.0,5,0.08,0.08,2.685042041723199,156.33110691038075,0.9626363790891669
5,0.08,0.0,2,0.08,0.0,10,0.08,0.08,13.457628625705027,677.508025567168,0.9566312077749713
5,0.08,0.0,5,0.08,0.0,0.01,0.08,0.08,14.709896728952907,83.16405999354824,0.905804185347928
5,0.08,0.0,5,0.08,0.0,0.02,0.08,0.08,6.661848129230011,113.63449496270559,0.9539272455343324
5,0.08,0.0,5,0.08,0.0,0.05,0.08,0.08,44.12191085921574,11828.661255948387,0.10376742134070885
5,0.08,0.0,5,0.08,0.0,0.1,0.08,0.08,1.2646505278226408,77.22712657118709,0.9424560081969828
5,0.08,0.0,5,0.08,0.0,0.2,0.08,0.08,3.796740658165606,31.072994384705133,0.9994274810767925
5,0.08,0.0,5,0.08,0.0,0.5,0.08,0.08,25.50132193277915,3798.8391888487618,0.5921368332950144
5,0.08,0.0,5,0.08,0.0,1,0.08,0.08,52.31192164843234,5882.476284943066,0.023880782736695416
5,0.08,0.0,5,0.08,0.0,2,0.08,0.08,18.912298579159742,6614.521701074867,0.38452452952133065
5,0.08,0.0,5,0.08,0.0,5,0.08,0.08,3.6209039137033954,222.34083382188237,0.9925449580934645
5,0.08,0.0,5,0.08,0.0,10,0.08,0.08,4.257240361514573,1089.7828117295153,0.9948821639365664
5,0.08,0.0,10,0.08,0.0,0.01,0.08,0.08,2.9655800340549514,38.873950814023225,0.9999598770049584
5,0.08,0.0,10,0.08,0.0,0.02,0.08,0.08,115.663004612956,19739.024951666863,0.26761407789879227
5,0.08,0.0,10,0.08,0.0,0.05,0.08,0.08,97.67991584518722,4218.6597669307575,0.38259895472698363
5,0.08,0.0,10,0.08,0.0,0.1,0.08,0.08,248.8363264573957,5661.220562519467,0.550931279989095
5,0.08,0.0,10,0.08,0.0,0.2,0.08,0.08,8.206953711492863,1378.5975752769311,0.24822958409767903
5,0.08,0.0,10,0.08,0.0,0.5,0.08,0.08,7.165776183774388,50.68789732988326,0.6656998024987508
5,0.08,0.0,10,0.08,0.0,1,0.08,0.08,36.29335414871144,5547.514380294988,0.07029414516523824
5,0.08,0.0,10,0.08,0.0,2,0.08,0.08,14.877615952059932,691.4415780364092,0.8792259552802056
5,0.08,0.0,10,0.08,0.0,5,0.08,0.08,1.188652760289681,30.632001377673436,0.3520253244486056
5,0.08,0.0,10,0.08,0.0,10,0.08,0.08,32.99903797064397,1220.77062329615,0.9703299479978094
10,0.08,0.0,0.01,0.08,0.0,0.01,0.08,0.08,31.65884428270571,4742.332224240332,0.029759806042221136
10,0.08,0.0,0.01,0.08,0.0,0.02,0.08,0.08,158.20632987851943,35121.961723551634,0.04559584688241196
10,0.08,0.0,0.01,0.08,0.0,0.05,0.08,0.08,1.140839749740467,67.61608363493973,0.8807192414057398
10,0.08,0.0,0.01,0.08,0.0,0.1,0.08,0.08,9.105503245422517,1133.365526610754,0.3480662663672298
10,0.08,0.0,0.01,0.08,0.0,0.2,0.08,0.08,58.663249623078364,9086.70188414114,0.25718406000772626
10,0.08,0.0,0.01,0.08,0.0,0.5,0.08,0.08,171.2523391192549,30862.15305990262,0.38929175930951654
10,0.08,0.0,0.01,0.08,0.0,1,0.08,0.08,7.389173760105795,432.4967283234935,0.7725168688515189
10,0.08,0.0,0.01,0.08,0.0,2,0.08,0.08,75.80100566357437,13412.33064340057,0.2506080130344804
10,0.08,0.0,0.01,0.08,0.0,5,0.08,0.08,0.5288980107893576,62.328446867525244,0.9998050645485718
10,0.08,0.0,0.01,0.08,0.0,10,0.08,0.08,1.6067557444944862,82.0279441250846,0.9867077709410862
10,0.08,0.0,0.02,0.08,0.0,0.01,0.08,0.08,134.53247900757523,10658.21046922006,0.5231493558699898
10,0.08,0.0,0.02,0.08,0.0,0.02,0.08,0.08,167.58805369849833,12945.846238841343,0.13310067100580056
10,0.08,0.0,0.02,0.08,0.0,0.05,0.08,0.08,103.51612884720545,36127.76279888412,0.07123359669929523
10,0.08,0.0,0.02,0.08,0.0,0.1,0.08,0.08,149.94091445774237,34254.38500634008,0.1785553760790349
10,0.08,0.0,0.02,0.08,0.0,0.2,0.08,0.08,201.1669988709575,722.4146823427636,0.3370995674755426
10,0.08,0.0,0.02,0.08,0.0,0.5,0.08,0.08,7.520796130811827,54.13598501345691,0.9938112922410233
10,0.08,0.0,0.02,0.08,0.0,1,0.08,0.08,50.756579945528365,5337.4942638083485,0.1932891121131354
10,0.08,0.0,0.02,0.08,0.0,2,0.08,0.08,27.164283633879222,3043.0560430280307,0.35587318414724334
10,0.08,0.0,0.02,0.08,0.0,5,0.08,0.08,1.4637078124165326,189.90795468827355,0.9973159338103543
10,0.08,0.0,0.02,0.08,0.0,10,0.08,0.08,38.29144017979676,1132.1969642710205,0.82493465507148
10,0.08,0.0,0.05,0.08,0.0,0.01,0.08,0.08,222.86677722705372,25554.63296379061,0.13904000677136785
10,0.08,0.0,0.05,0.08,0.0,0.02,0.08,0.08,66.0749222070459,6906.020944795385,0.02869824209329706
10,0.08,0.0,0.05,0.08,0.0,0.05,0.08,0.08,0.7927536391001094,66.81075769309608,0.5915164612606351
10,0.08,0.0,0.05,0.08,0.0,0.1,0.08,0.08,2.522717040854312,94.56633814548601,0.8340478202771109
10,0.08,0.0,0.05,0.08,0.0,0.2,0.08,0.08,1.6100943624474215,20.93416472845678,0.9288914959047438
10,0.08,0.0,0.05,0.08,0.0,0.5,0.08,0.08,76.83461514100848,8747.075902935165,0.17479359846987622
10,0.08,0.0,0.05,0.08,0.0,1,0.08,0.08,2131.7980300689665,7335.554634639787,0.10671507964833213
10,0.08,0.0,0.05,0.08,0.0,2,0.08,0.08,43.366641516678335,15007.079763364838,0.3128334532978268
10,0.08,0.0,0.05,0.08,0.0,5,0.08,0.08,106.36273405898257,16366.589170532301,0.2190697960299987
10,0.08,0.0,0.05,0.08,0.0,10,0.08,0.08,72.93262591436405,5395.8561562225295,0.3122920785670505
10,0.08,0.0,0.1,0.08,0.0,0.01,0.08,0.08,7.419566895588359,64.11175795761747,0.919753253793742
10,0.08,0.0,0.1,0.08,0.0,0.02,0.08,0.08,2.9886357564619614,54.555626087982034,0.8542886314984854
10,0.08,0.0,0.1,0.08,0.0,0.05,0.08,0.08,40.28773730313185,745.5830086957362,0.106501159776455
10,0.08,0.0,0.1,0.08,0.0,0.1,0.08,0.08,1.85285271534748,28.157518045368782,0.9122593585689658
10,0.08,0.0,0.1,0.08,0.0,0.2,0.08,0.08,4.178131252751083,23.93338828185473,0.9989319230840115
10,0.08,0.0,0.1,0.08,0.0,0.5,0.08,0.08,1.5954607379700834,32.602743120075864,0.9990982200614561
10,0.08,0.0,0.1,0.08,0.0,1,0.08,0.08,10.120502082255534,164.2755366727209,0.9813202417596623
10,0.08,0.0,0.1,0.08,0.0,2,0.08,0.08,1.5982641732899556,190.26344646059925,0.9911867654875884
10,0.08,0.0,0.1,0.08,0.0,5,0.08,0.08,11.811072630818218,421.70767360199187,0.9816504957243904
10,0.08,0.0,0.1,0.08,0.0,10,0.08,0.08,18.846525616462777,1086.1849907820995,0.7240964864889808
10,0.08,0.0,0.2,0.08,0.0,0.01,0.08,0.08,3.5289454045003743,196.98945414243113,0.9557798707660368
10,0.08,0.0,0.2,0.08,0.0,0.02,0.08,0.08,1.435366570800654,41.3701136744927,0.9855363990870358
10,0.08,0.0,0.2,0.08,0.0,0.05,0.08,0.08,1.1167329508450246,155.044557389957,0.975757563083749
10,0.08,0.0,0.2,0.08,0.0,0.1,0.08,0.08,3.379049295232379,81.28026856354214,0.8032512171313043
10,0.08,0.0,0.2,0.08,0.0,0.2,0.08,0.08,23.171455362183377,56.325474809941774,0.9983423833005268
10,0.08,0.0,0.2,0.08,0.0,0.5,0.08,0.08,41.66822980554831,8000.721149994686,0.15535416772764238
10,0.08,0.0,0.2,0.08,0.0,1,0.08,0.08,72.27300382393828,8028.94023758765,0.43447390620109355
10,0.08,0.0,0.2,0.08,0.0,2,0.08,0.08,38.015815370603185,4943.267600562463,0.09206665325270721
10,0.08,0.0,0.2,0.08,0.0,5,0.08,0.08,47.22263386061167,4166.830243536411,0.6569139835018881
10,0.08,0.0,0.2,0.08,0.0,10,0.08,0.08,189.18412587103583,7356.400462823006,0.3597200377916663
10,0.08,0.0,0.5,0.08,0.0,0.01,0.08,0.08,183.92976526242273,13575.967206532561,0.2037337046098927
10,0.08,0.0,0.5,0.08,0.0,0.02,0.08,0.08,4.5994547049793635,143.92905299184963,0.5221379734331402
10,0.08,0.0,0.5,0.08,0.0,0.05,0.08,0.08,7.39635174721753,55.64045971536333,0.6758709921102897
10,0.08,0.0,0.5,0.08,0.0,0.1,0.08,0.08,159.09963282069543,13030.587998294208,0.25176687461021763
10,0.08,0.0,0.5,0.08,0.0,0.2,0.08,0.08,13.419847565545727,100.77569137509458,0.9809691376597516
10,0.08,0.0,0.5,0.08,0.0,0.5,0.08,0.08,48.217670627442644,8616.241963802184,0.32100103260990753
10,0.08,0.0,0.5,0.08,0.0,1,0.08,0.08,62.62866039603403,5853.69828144704,0.23970942464667885
10,0.08,0.0,0.5,0.08,0.0,2,0.08,0.08,26.479372453668056,11013.435458242075,0.3595517486996383
10,0.08,0.0,0.5,0.08,0.0,5,0.08,0.08,5.718896373885484,823.0366451670458,0.39340771854065376
10,0.08,0.0,0.5,0.08,0.0,10,0.08,0.08,129.34993620664454,5657.409031418571,0.3088468448171707
10,0.08,0.0,1,0.08,0.0,0.01,0.08,0.08,34.077481560703475,11074.847100778383,0.5791686470537953
10,0.08,0.0,1,0.08,0.0,0.02,0.08,0.08,2.095255588253299,37.42028474169133,0.9328303628473233
10,0.08,0.0,1,0.08,0.0,0.05,0.08,0.08,1.5054504794897667,37.910003087498055,0.9906962275087343
10,0.08,0.0,1,0.08,0.0,0.1,0.08,0.08,2.9650191799674106,99.88887051420035,0.982259973550736
10,0.08,0.0,1,0.08,0.0,0.2,0.08,0.08,70.19860757530458,7686.194124206979,0.31246749931097845
10,0.08,0.0,1,0.08,0.0,0.5,0.08,0.08,43.19723020950254,704.0188736943958,0.7047372777857184
10,0.08,0.0,1,0.08,0.0,1,0.08,0.08,0.941676141948319,146.29892778605262,0.9940407018752876
10,0.08,0.0,1,0.08,0.0,2,0.08,0.08,69.4160936925061,14019.377341097006,0.19442527748301666
10,0.08,0.0,1,0.08,0.0,5,0.08,0.08,13.475892187731903,13203.654394009514,0.3460331579775352
10,0.08,0.0,1,0.08,0.0,10,0.08,0.08,3.7534564831787525,394.07458427248184,0.9891510331905743
10,0.08,0.0,2,0.08,0.0,0.01,0.08,0.08,18.700009023114468,234.41289134131642,0.9702403003786831
10,0.08,0.0,2,0.08,0.0,0.02,0.08,0.08,2.205678959487524,354.1048999759555,0.27359871942418895
10,0.08,0.0,2,0.08,0.0,0.05,0.08,0.08,54.023626137190924,17592.433074809585,0.7680811463586782
10,0.08,0.0,2,0.08,0.0,0.1,0.08,0.08,6.8103922772771535,88.11405777564934,0.9592912690327923
10,0.08,0.0,2,0.08,0.0,0.2,0.08,0.08,2.8914366101464126,99.32767328938823,0.946211767516443
10,0.08,0.0,2,0.08,0.0,0.5,0.08,0.08,84.4217961234888,9876.93828867112,0.4102828982059618
10,0.08,0.0,2,0.08,0.0,1,0.08,0.08,6.906365332632784,1171.4160917779404,0.6441136061547117
10,0.08,0.0,2,0.08,0.0,2,0.08,0.08,1.5597536174881537,131.24984014559521,0.972098573405628
10,0.08,0.0,2,0.08,0.0,5,0.08,0.08,3.6579879427297715,589.1872394255854,0.9335077099921604
10,0.08,0.0,2,0.08,0.0,10,0.08,0.08,46.60111886270855,7882.280788530923,0.19110051170473877
10,0.08,0.0,5,0.08,0.0,0.01,0.08,0.08,1.9831437313106162,136.22937919326307,0.9150642200943317
10,0.08,0.0,5,0.08,0.0,0.02,0.08,0.08,2.056602849149943,91.7539494330138,0.2673782085605056
10,0.08,0.0,5,0.08,0.0,0.05,0.08,0.08,32.80392099199594,27303.924329876318,0.25589102470954983
10,0.08,0.0,5,0.08,0.0,0.1,0.08,0.08,16.105133378923398,57.12089607804326,0.9957628764905705
10,0.08,0.0,5,0.08,0.0,0.2,0.08,0.08,73.56645910253916,9870.736790033208,0.2894517949493494
10,0.08,0.0,5,0.08,0.0,0.5,0.08,0.08,81.84529127312608,23860.226581986604,0.1747976116464612
10,0.08,0.0,5,0.08,0.0,1,0.08,0.08,19.622969618030087,3327.679927718154,0.18924874456572763
10,0.08,0.0,5,0.08,0.0,2,0.08,0.08,1.364704500081739,98.12811855222809,0.9979151118165556
10,0.08,0.0,5,0.08,0.0,5,0.08,0.08,3.9352385424476486,324.1885573400209,0.9847321038869488
10,0.08,0.0,5,0.08,0.0,10,0.08,0.08,6.848215137097251,424.7770565129701,0.9958463769148161
10,0.08,0.0,10,0.08,0.0,0.01,0.08,0.08,70.7563235039307,22010.20874741207,0.20504601066245187
10,0.08,0.0,10,0.08,0.0,0.02,0.08,0.08,12.794616552189197,168.45267389146346,0.7488870970241438
10,0.08,0.0,10,0.08,0.0,0.05,0.08,0.08,29.37592547827656,15447.283989787917,0.024173953329121443
10,0.08,0.0,10,0.08,0.0,0.1,0.08,0.08,16.26889321153946,327.61305548957483,0.845077609372519
10,0.08,0.0,10,0.08,0.0,0.2,0.08,0.08,3.9419714596100492,62.95613487091365,0.8044965140045923
10,0.08,0.0,10,0.08,0.0,0.5,0.08,0.08,70.96547746354148,16490.70767800682,0.21011266465402037
10,0.08,0.0,10,0.08,0.0,1,0.08,0.08,19.653749696581006,1537.8575168236478,0.8297235496291541
10,0.08,0.0,10,0.08,0.0,2,0.08,0.08,18.486948675420848,3669.070714518492,0.4070704683769393
10,0.08,0.0,10,0.08,0.0,5,0.08,0.08,19.878326896691302,3700.520069782003,0.14341129210224313
10,0.08,0.0,10,0.08,0.0,10,0.08,0.08,47.66533801642821,8149.033167126212,0.2569986881372617
